"asin","title","imgUrl","productURL","stars","reviews","price","listPrice","categoryName","isBestSeller","boughtInLastMonth"
"B01N6SCF35","BRITA 075286 Water Filter, Plastic, White","https://m.media-amazon.com/images/I/51wpHV+hxzL._AC_UL320_.jpg","https://www.amazon.ca/dp/B01N6SCF35","4.8","739","135.98","0.0","Filtration","False","0"
"B001FGLX72","Bostik Blu-Tack Reusable Adhesive 75g","https://m.media-amazon.com/images/I/81APbUgSiML._AC_UL320_.jpg","https://www.amazon.ca/dp/B001FGLX72","4.6","5971","12.18","0.0","Office Products","False","200"
"B0B1TKDDB6","Tgoon Amplifier Board, Amplifiers Module Durable Good Sound Quality Single Channel for DIY","https://m.media-amazon.com/images/I/71GolSm0s8L._AC_UL320_.jpg","https://www.amazon.ca/dp/B0B1TKDDB6","0.0","0","15.19","0.0","Audio/Video Receivers  Amplifiers","False","0"
"B0CHM2HRVR","CATV Security Shield F Connector Removal Tool - Wrench Sleeve Removal, Plated Copper, Compact & Durable, Increased Tightening Leverage, Knurled Knob Grip for RG6 RG59 RG11","https://m.media-amazon.com/images/I/51yVvAbieML._AC_UL320_.jpg","https://www.amazon.ca/dp/B0CHM2HRVR","0.0","0","10.05","0.0","Satellite Television Equipment","False","0"
"B07WGVWMQ5","Naka Platinum Pure Colloidal Silver 10 Ppm 20% Extra Bonus Size - 600 ml (500+100 Free) 600 milliliter","https://m.media-amazon.com/images/I/71I2IhxC8iL._AC_UL320_.jpg","https://www.amazon.ca/dp/B07WGVWMQ5","4.5","470","31.99","0.0","Vitamins, Minerals  Supplements","False","100"
"B09YRG7LB8","18Pcs 3 Types 6 Colors Scarf Ring Clips Metal T Shirt Clips T-shirt Tie Clips Ring Buckles for Women Clothing Scarf Embellish, Multicolor, 3.5/3.7/3.8cm","https://m.media-amazon.com/images/I/71lFcRGSpUL._AC_UL320_.jpg","https://www.amazon.ca/dp/B09YRG7LB8","4.3","9","18.89","0.0","Women's Jewelry","False","0"
"B0CJM91LNH","Baoblaze Drying Pad Faucet Handle Water Catcher Tray Faucet Absorbent Pad Faucet Water Catcher Mat for RV, Black","https://m.media-amazon.com/images/I/51CHKDck8cL._AC_UY218_.jpg","https://www.amazon.ca/dp/B0CJM91LNH","0.0","0","15.29","0.0","Water Coolers, Filters  Cartridges","False","0"
"B07SYBNFM2","A-Tech 32GB Replacement for Samsung M471A4G43MB1-CTD - DDR4 2666MHz PC4-21300 Non ECC SO-DIMM 2rx8 1.2v - Single Laptop & Notebook Memory Ram Stick (M471A4G43MB1-CTD-ATC)","https://m.media-amazon.com/images/I/81+53la6AIL._AC_UL320_.jpg","https://www.amazon.ca/dp/B07SYBNFM2","5.0","2","88.98","0.0","Computer Components","False","0"
"B07P8WB5CH","Nickelodeon Spongebob Squarepants Party Favors Pack ~ Bundle of 12 Spongebob Squarepants Play Packs with Stickers, Coloring Books, Crayons, Stamper (Spongebob Party Supplies)","https://m.media-amazon.com/images/I/71a-5nPg4ML._AC_UL320_.jpg","https://www.amazon.ca/dp/B07P8WB5CH","4.7","237","72.7","0.0","Arts  Crafts Supplies","False","0"
"B0C6D4CHHV","Womens Drawstring Elastic Workout Pants 7/8 Jogger Running Stretch Pocket Sweatpants","https://m.media-amazon.com/images/I/619vHKmldVL._AC_UL320_.jpg","https://www.amazon.ca/dp/B0C6D4CHHV","4.1","326","39.99","0.0","Sport Specific Clothing","False","0"
"B0BDKCCYP3","9145 H10 LED Fog Light Bulbs 6000K 4 Pcs White LED Bulbs for Fog Light 1400 Lumen 12-24V High Power 5730 LED, Constant Current, Plug and Play, Non Polarity Headlight Bulb for Car Truck (H10)","https://m.media-amazon.com/images/I/71YGRkBMDaL._AC_UL320_.jpg","https://www.amazon.ca/dp/B0BDKCCYP3","3.1","44","23.99","0.0","Automotive Replacement Parts","False","0"
"B0BH6FTKJB","Roblox Celebrity Collection Series 5, Celebrity Collection, Series 5, 12 Figures","https://m.media-amazon.com/images/I/71NZgJn84aL._AC_UL320_.jpg","https://www.amazon.ca/dp/B0BH6FTKJB","5.0","3","87.0","0.0","Action Figures, Maquettes  Busts","False","0"
"B07STGBV5J","Keith Titanium Ti9307 Pocket Flask with Funnel - 6.8 fl oz ●●●●●●● Keith's 18th Anniversary: Exclusive Price!","https://m.media-amazon.com/images/I/51d+z+ohQGL._AC_UL320_.jpg","https://www.amazon.ca/dp/B07STGBV5J","4.4","42","80.05","0.0","Food Service Equipment  Supplies","False","0"
"B099P46YNQ","Seamax 2-Pack Heavy Duty Dock Line, Marine Grade Nylon Double Braided 5/8 Inch x 25 Feet, Spliced Eye 15"", Navy Blue Color (5/8"" x25')","https://m.media-amazon.com/images/I/710dUCsqrML._AC_UL320_.jpg","https://www.amazon.ca/dp/B099P46YNQ","4.3","12","69.0","0.0","Boating  Watersports","False","0"
"B0BNKKRFTW","Ski Gloves, Winter Gloves Snow Mittens 3M Insulated Thermal for Men Women Cold Weather Skiing Shoveling Snowboarding","https://m.media-amazon.com/images/I/61djUroPmTL._AC_UL320_.jpg","https://www.amazon.ca/dp/B0BNKKRFTW","3.9","2","17.99","0.0","Snow  Ice Sports","False","0"
"B07D46MWBL","Wrightus Buffing Polishing Wheel for Drill- 5 Pack Aluminum Drill Buffer Attachment White Flannelette Rims with 1/4 Handle for Metal, Aluminum,Stainless Steel,Chrome,Jewelry,Wood,Plastic,Car","https://m.media-amazon.com/images/I/51UQmw5bwhL._AC_UL320_.jpg","https://www.amazon.ca/dp/B07D46MWBL","3.8","40","16.99","0.0","Power Tools  Hand Tools","False","50"
"B08J2L498P","Lifepro 15lb Adjustable Free Weights Dumbbell Sets with Rack For Strength Training, Set Of 2 For Muscle Building - Hand Weights For Home Gym","https://m.media-amazon.com/images/I/81-5vsFdaJL._AC_UL320_.jpg","https://www.amazon.ca/dp/B08J2L498P","4.5","888","189.99","199.99","Exercise  Fitness Equipment","False","50"
"B09P2JZ996","Salomon Soft Flask 250ml/8oz 28 for Hiking and Trail Running, Clear Blue,","https://m.media-amazon.com/images/I/61s9-HyXdtL._AC_UL320_.jpg","https://www.amazon.ca/dp/B09P2JZ996","4.3","194","21.54","0.0","Outdoor Cooking","False","0"
"B094XZM6D6","Hemobllo Nurse Watch Butterfly Nurse Fob Watch Lapel Nursing Watch Brooch Watch Pocket Watch Clip on Watch for Women Girls","https://m.media-amazon.com/images/I/61O5jFKn+LS._AC_UL320_.jpg","https://www.amazon.ca/dp/B094XZM6D6","4.3","40","13.99","0.0","Car Electronics  Accessories","False","0"
"B0CJ7QZCJ5","Mini Uninterruptible Power Supply, Easy Installation UPS Wide Application 1N+PE Voltage Input Wide Sine Wave Output for Computer (US Plug 85‑145V 110V Output)","https://m.media-amazon.com/images/I/512aPGDzuWL._AC_UL320_.jpg","https://www.amazon.ca/dp/B0CJ7QZCJ5","0.0","0","0.0","0.0","Computer Uninterrupted Power Supply","False","0"
"B0CGM5PW3Q","CTAKPOWE 16 PCS Golf Shoe Spikes, Replacement for Golf Shoe Pikes, Rubber Spike Studs Replacement Pollen for Cleats, Golf Spikes Removal Tool","https://m.media-amazon.com/images/I/71jt3Iow-xL._AC_UL320_.jpg","https://www.amazon.ca/dp/B0CGM5PW3Q","0.0","0","16.99","0.0","Golf Equipment","False","0"
"B0BVGZTRYW","Transparent Umbrella - Classic, Stylish and Practical - Perfect for Wedding Season and Beyond","https://m.media-amazon.com/images/I/41+cg63DF+L._AC_UL320_.jpg","https://www.amazon.ca/dp/B0BVGZTRYW","4.6","69","29.99","0.0","Luggage  Travel Gear","False","300"
"B07KXPLC94","NHN1638U-M Concealed Door Closer, Non-Handed, Heavy-Duty, Up to 132lbs. Doors, Dual Speed Control, Invisible Door Closer","https://m.media-amazon.com/images/I/61pXsNmfpOL._AC_UL320_.jpg","https://www.amazon.ca/dp/B07KXPLC94","4.3","13","185.65","0.0","Door Hardware  Locks","False","0"
"B0C73TTTRR","2023 Dell Inspiron 3910 Business Desktop Intel 6-Core i5-12400F 16GB RAM 256GB PCIe SSD 1TB HDD DVD NVIDIA GeForce GTX 1650 4GB GDDR6 HDMI DP DVI-D USB-C WiFi AX BT RJ-45 Windows 11 Pro","https://m.media-amazon.com/images/I/71BviyGHqPL._AC_UL320_.jpg","https://www.amazon.ca/dp/B0C73TTTRR","0.0","0","1282.49","0.0","Desktop Computers","False","0"
"B001BQEHM4","BUNN 32130.0000 3.0-Liter Lever-Action Airpot, Stainless Steel","https://m.media-amazon.com/images/I/61nIN8j2tRL._AC_UY218_.jpg","https://www.amazon.ca/dp/B001BQEHM4","4.6","1527","104.26","114.37","Tableware","False","0"
"B08FR7NRSR","Collapsible Bucket, 12L&20L Multifunctional Portable Collapsible Fishing Bucket -Wash Basin Folding Bucket -Water Container for Fishing-Camping-Gardening","https://m.media-amazon.com/images/I/71Ztz+DzljL._AC_UL320_.jpg","https://www.amazon.ca/dp/B08FR7NRSR","4.5","184","19.8","0.0","Camping  Hiking Equipment","False","0"
"B09K7T1ZW8","Avlcoaky Fishing Weights Sinkers Egg Sinkers with Inner Swivel, Saltwater Inline Trolling Swivel Weights","https://m.media-amazon.com/images/I/71OrvKqt97L._AC_UL320_.jpg","https://www.amazon.ca/dp/B09K7T1ZW8","4.1","143","13.31","0.0","Hunting  Fishing","False","0"
"B0BQV76JHG","Seat Hairdressing Stool, Special Pulley Stool for Beauty Salons, Barbershop Hairdressing, Manicure, Hair Cutting Rotating Stool Low Stool","https://m.media-amazon.com/images/I/512V3-SC8AL._AC_UL320_.jpg","https://www.amazon.ca/dp/B0BQV76JHG","0.0","0","725.74","0.0","Salon  Spa Equipment","False","0"
"B07N88FP2T","Knights of Ni Men T-Shirt","https://m.media-amazon.com/images/I/51BnhqDbN6L._AC_UL320_.jpg","https://www.amazon.ca/dp/B07N88FP2T","4.5","51","35.99","0.0","Men's Clothing","False","0"
"B0BZV4K8YK","Mtanlo A411000264, Coil- Ignition, For Echo Cs370 Cs-370 Cs-370F Cs-400 Cs-420Es Cs-400F And For SHINDAIWA 402S","https://m.media-amazon.com/images/I/61SNHhdaG8L._AC_UL320_.jpg","https://www.amazon.ca/dp/B0BZV4K8YK","0.0","0","34.32","0.0","Outdoor Power  Lawn Equipment","False","0"
"B09WDY96LB","Luxury Sleep Eye Mask, 3D Contoured 100% Blackout Eye Mask for Sleeping with Adjustable Strap, Soft and Comfortable Night Eye Mask for Men Women, Eye shades for Travel/Naps/Shift Work, Includes Travel Pouch","https://m.media-amazon.com/images/I/714VAixXn+L._AC_UL320_.jpg","https://www.amazon.ca/dp/B09WDY96LB","4.7","19","9.99","0.0","Beauty Tools  Accessories","False","0"
"B0C3ZNGC2R","Portable Stain Remover for Clothes Stain Remover Roller Easy Stain Removal Gentle for Clothes","https://m.media-amazon.com/images/I/51c-LgEEHQL._AC_UL320_.jpg","https://www.amazon.ca/dp/B0C3ZNGC2R","0.0","0","10.03","0.0","Laundry Supplies","False","0"
"B0BB85RHHZ","Cicada Wing Mica Ripe Xuan Paper Long Roll White Translucent Papier Chinese Calligraphy Brush Pen Drawing Rice Paper Papel Arroz Natural Chinese Classical Calligraphy Tools (Color : A1)","https://m.media-amazon.com/images/I/61Ewtn9bWgL._AC_UL320_.jpg","https://www.amazon.ca/dp/B0BB85RHHZ","0.0","0","53.4","0.0","Arts  Crafts Supplies","False","0"
"B00DLJYQWK","SONY sealed inner ear receiver MDR-EX15AP/W White","https://m.media-amazon.com/images/I/41veYy4KMqL._AC_UL320_.jpg","https://www.amazon.ca/dp/B00DLJYQWK","3.9","497","18.2","20.9","Home Theatre Systems","False","0"
"B0CH9FNZ94","XXXDXDP PM2.5 Air Quality Tester TFT Display Electric Temperature and Humidity Meter Thermometer & Hygrometer W/Time Date","https://m.media-amazon.com/images/I/51oRx7R6msL._AC_UL320_.jpg","https://www.amazon.ca/dp/B0CH9FNZ94","0.0","0","510.62","0.0","Weather Thermometers","False","0"
"B07HBFBRSD","1883 Maison Routin Triple Sec Syrup 1L Glass Bottle","https://m.media-amazon.com/images/I/61zSi6pvlBL._AC_UL320_.jpg","https://www.amazon.ca/dp/B07HBFBRSD","4.0","51","19.98","0.0","Diet  Nutrition Products","False","0"
"B014TM1R9W","Trinity Vibes Lick Her Vibrating Cock Ring","https://m.media-amazon.com/images/I/81kk-Bpl+aL._AC_UL320_.jpg","https://www.amazon.ca/dp/B014TM1R9W","2.3","8","16.92","0.0","Sex  Sensuality Products","False","0"
"B0CKDD18NK","2pcs Door Hook Over Door Towel Rack Wall Hangers Without Nails Backpack Hanger Towel Hook Wall Coat Rack Back of Door Hook Door Back Hook Over Door Organizer Metal Door Hanger Iron","https://m.media-amazon.com/images/I/51EzBA2zAgL._AC_UL320_.jpg","https://www.amazon.ca/dp/B0CKDD18NK","0.0","0","71.99","0.0","Hardware Hooks","False","0"
"B08VPZVD56","Convertible Footie | Heather Grey | 6-9 Months","https://m.media-amazon.com/images/I/71N5YamBqbL._AC_UL320_.jpg","https://www.amazon.ca/dp/B08VPZVD56","4.6","3","36.0","0.0","Baby","False","0"
"B09L4G9SGQ","VAMSII Optician Gifts for Women Optometrist Gifts Makeup Bag Optometry Gifts Eye Technician Gifts Eye Doctor Gifts, only the strongest women become Opticians,","https://m.media-amazon.com/images/I/71lkC3ZL7kL._AC_UL320_.jpg","https://www.amazon.ca/dp/B09L4G9SGQ","5.0","5","15.99","0.0","Beauty Tools  Accessories","False","0"
"B09QTBF45S","Pro Epoxy All-Purpose Sweepex Sponge Made with Polyester Pack of 6","https://m.media-amazon.com/images/I/71mF7Scz6wL._AC_UL320_.jpg","https://www.amazon.ca/dp/B09QTBF45S","4.5","8","17.69","0.0","Building Materials","False","0"
"B09PH8SJ1D","OZXTYO Duty Belt Keeper with Key Holder for 2"" and 2¼"" Wide Belt,Keeper with Strong Metal Police Key Clip, Military Molle Hook,Police Military Equipment Accessories, 2 Pack","https://m.media-amazon.com/images/I/61DwU4TClaL._AC_UL320_.jpg","https://www.amazon.ca/dp/B09PH8SJ1D","4.5","232","16.55","17.99","Sports  Outdoors","False","0"
"B017EBIZLI","Classic Men Women Round Stud Earrings Stainless Cubic Zirconia Hypoallergenic,Silver Tone","https://m.media-amazon.com/images/I/71kYD4Kww8L._AC_UL320_.jpg","https://www.amazon.ca/dp/B017EBIZLI","4.0","81","15.99","0.0","Men's Jewelry","False","0"
"B0CHFGML52","Wireless Tattoo Power Supply, Tattoo Machine Battery Tattoo Machine Dual Modes Interface LCD Display USB Rechargeable Battery Tattoo Machine Parts for Tattoo Machines Tattooist","https://m.media-amazon.com/images/I/71PCKD+cKmL._AC_UL320_.jpg","https://www.amazon.ca/dp/B0CHFGML52","0.0","0","31.57","0.0","Tattooing Supplies","False","0"
"B0CJTX66CZ","Lenovo ThinkPad E16 G1 16"" WUXGA IPS Touchscreen Laptop 2023 | Intel i5-1335U 10-Core | Iris Xe Graphics | Backlit Keyboard | Fingerprint | Thunderbolt 4 | Wi-Fi 6 | 40GB DDR4 2TB SSD | Win11 Pro","https://m.media-amazon.com/images/I/61Rbr-OvGLL._AC_UL320_.jpg","https://www.amazon.ca/dp/B0CJTX66CZ","0.0","0","1875.15","0.0","Laptop Computers","False","0"
"B008PL9DCC","Pro-Shot 9-mm/.38 Caliber/.357 Caliber Brush for Tactical Kit, Black","https://m.media-amazon.com/images/I/71uW54zkHyL._AC_UL320_.jpg","https://www.amazon.ca/dp/B008PL9DCC","4.7","260","14.64","0.0","Hunting  Fishing","False","0"
"B0CGVQ1F5P","Knotty Underwear - 30 Thongs - Mystery Pack of Women's Thong Underwear","https://m.media-amazon.com/images/I/71V68wi6FGL._AC_UL320_.jpg","https://www.amazon.ca/dp/B0CGVQ1F5P","0.0","0","74.99","0.0","Women","False","0"
"B09Q322MSY","2/5pcs for 3D Printer Volcano hot end Eruption Heater Block Heating Block 1.75 3mm Filament Extruder J-Head Aluminium Heater Block 3D Printing Accessories (Size : 5pcs) Ideal (Size : 5pcs)","https://m.media-amazon.com/images/I/31GjSwG1sQL._AC_UL320_.jpg","https://www.amazon.ca/dp/B09Q322MSY","0.0","0","22.18","0.0","3D Printing  Scanning","False","0"
"B0C2YBDBH5","ChongXiao Electric Bike E-Scooter BLDC Motor 36V-48V 500W Brushless Controller Square Wave","https://m.media-amazon.com/images/I/51g+1Ikxk2L._AC_UL320_.jpg","https://www.amazon.ca/dp/B0C2YBDBH5","0.0","0","51.93","0.0","Bikes, Scooters  Ride-Ons","False","0"
"B078NG4D4T","Martini 3 1/4"" Step-Up Golf Tees - 4 Pack (20 Tees)","https://m.media-amazon.com/images/I/81xwg0skGXL._AC_UL320_.jpg","https://www.amazon.ca/dp/B078NG4D4T","4.8","14","32.56","0.0","Golf Equipment","False","0"
"B0098NP5O6","Xerox Phaser 108R01148 Replacement-Cartridge","https://m.media-amazon.com/images/I/61R2yl0nbbL._AC_UL320_.jpg","https://www.amazon.ca/dp/B0098NP5O6","4.8","14","103.95","128.99","Printer Accessories","False","0"
"B0008EOQI0","Men's Relaxed Fit Straight Leg Jean, Worn Light, 30W x 30L","https://m.media-amazon.com/images/I/713jR+0cFpL._AC_UL320_.jpg","https://www.amazon.ca/dp/B0008EOQI0","4.4","33433","50.47","0.0","Men","False","0"
"B08RD26QJW","3-Pack Toddler Boys Cars Cotton Long Sleeve T-Shirts: Toy-car, Excavator, Fire Truck","https://m.media-amazon.com/images/I/61B0DnYLq-L._AC_UL320_.jpg","https://www.amazon.ca/dp/B08RD26QJW","4.2","8","29.99","0.0","Boys","False","0"
"B00RLE0OXG","Donegan Optical OptiVISOR AL Headband Magnification Set, 5.08 x 20.32 x 25.4 cm, Multicoloured","https://m.media-amazon.com/images/I/61DXKoGh7JL._AC_UL320_.jpg","https://www.amazon.ca/dp/B00RLE0OXG","3.6","2","109.01","0.0","Hobbies","False","0"
"B0B8BXS2R8","NUOBESTY 4pcs 6 Sided Dice Set Translucent Colors Rounded Corners Dice with Black Pouch for Board Dice Game Classroom Teaching Red","https://m.media-amazon.com/images/I/510AeHVxRmL._AC_UL320_.jpg","https://www.amazon.ca/dp/B0B8BXS2R8","5.0","1","9.79","0.0","Games  Accessories","False","0"
"B0CH6XD21Q","Fly Fishing Stomach Pump, Fly Fishing Hatch Tool for Outdoor Fishing Sports AccessoriesPractical and Deft","https://m.media-amazon.com/images/I/41cemrymtxL._AC_UL320_.jpg","https://www.amazon.ca/dp/B0CH6XD21Q","0.0","0","5.86","0.0","Hunting  Fishing","False","0"
"B0C8D679WF","RIC 10: 50 PC Mini Cactus Meaty Semi of Protection from Japanese Succulent Japanese Radiation Imported Cactus Bonsai Seed for Garden 10: Only Seeds","https://m.media-amazon.com/images/I/51iu4bEDD+L._AC_UL320_.jpg","https://www.amazon.ca/dp/B0C8D679WF","0.0","0","0.0","0.0","Fresh Flowers  Indoor Plants","False","0"
"B000KGAFDQ","Izzo Smooth Swing Trainer","https://m.media-amazon.com/images/I/81aZYWKA3yL._AC_UL320_.jpg","https://www.amazon.ca/dp/B000KGAFDQ","4.2","1612","17.53","26.38","Golf Equipment","False","0"
"B08XBL6TN3","iToolsTech Clear Desk Table Cover Protector, 39.37 X 15.74in (100cm X 40cm) Desk Pad Mat, Waterproof and Anti-Dirty Desk Cover for Dining Table, Side End Table, Dresser, Office Desk","https://m.media-amazon.com/images/I/61UidzqLzIL._AC_UY218_.jpg","https://www.amazon.ca/dp/B08XBL6TN3","4.2","80","25.99","0.0","Home Textiles","False","0"
"B07YN1BNXT","Tank Silhouette - Wall Clock","https://m.media-amazon.com/images/I/61djiragmxL._AC_UL320_.jpg","https://www.amazon.ca/dp/B07YN1BNXT","0.0","0","33.0","0.0","Handmade Home Décor","False","0"
"B09MFNK12C","Toilet Brush and Holder, Silicone Toilet Bowl Brush Wall-Mounted Toilet Brush Kit with 2 Diatom Muds & 1 Tweezer, Automatic Water Absorption and Deodorization for Bathroom Cleaning","https://m.media-amazon.com/images/I/51-tJwLmU+L._AC_UL320_.jpg","https://www.amazon.ca/dp/B09MFNK12C","4.8","5","39.98","0.0","Household Cleaning Tools","False","0"
"B0BPCHD4WV","Network Cable Tester, SC6106 LAN Network Wire Cable Tester Electrical Line Finder Testing with LCD Display","https://m.media-amazon.com/images/I/51+PB4NQacL._AC_UL320_.jpg","https://www.amazon.ca/dp/B0BPCHD4WV","0.0","0","39.99","0.0","Automotive Tools  Equipment","False","0"
"B0CF88RRC7","Laundry Dryer Belt 6PH1952 7PH1965 5PJE1255 6PJE1255 7PH1950 (Size : 5PJE1255)","https://m.media-amazon.com/images/I/41GujFQsV7L._AC_UL320_.jpg","https://www.amazon.ca/dp/B0CF88RRC7","0.0","0","27.65","0.0","Laundry Supplies","False","0"
"B0C6VM49HW","Samsung Galaxy Z Flip5 512GB Graphite, 6.7"" dynamic AMOLED main display , 3.4"" cover screen with 12+12 MP Camera, 8GB RAM, IPX8 rating, pocket sized (CAD version and Warranty)","https://m.media-amazon.com/images/I/71X7dOXul6L._AC_UL320_.jpg","https://www.amazon.ca/dp/B0C6VM49HW","5.0","4","1459.99","0.0","Electronics","False","0"
"B0CHK59V21","Win 11 Double Screen Laptop, Portable Monitor Laptop, Fingerprint Unlock Laptop with Handwriting Touch Function for Home Entertainment Gaming Online Courses Distance Learning","https://m.media-amazon.com/images/I/71h9GyoREwL._AC_UL320_.jpg","https://www.amazon.ca/dp/B0CHK59V21","0.0","0","584.85","0.0","Computer Monitors","False","0"
"B07WN5SL8L","Womens Nyliteplus Canvas Sneakers Women's Lace-up Casual Tennis Shoes Classic Vintage Style Nyliteplus Canvas Sneakers Women's Lace-Up Casual Tennis Shoes Classic Vintage Style","https://m.media-amazon.com/images/I/71o+UDFKb4L._AC_UL320_.jpg","https://www.amazon.ca/dp/B07WN5SL8L","4.3","1066","93.12","102.57","Women's Shoes","False","0"
"B01GPXAQWM","Arnold is Numero Uno - Mens Organic Cotton Retro Gym T-Shirt","https://m.media-amazon.com/images/I/61wNsk0H9HL._AC_UL320_.jpg","https://www.amazon.ca/dp/B01GPXAQWM","4.2","220","17.0","0.0","Novelty  Special Use Clothing","False","0"
"B0CCLMWW8D","Call Center Headset Ear Hook with Microphone, Single Sided 3.5mm, for Laptop Mobile Phones","https://m.media-amazon.com/images/I/61Z-dP7cnjL._AC_UL320_.jpg","https://www.amazon.ca/dp/B0CCLMWW8D","0.0","0","15.85","0.0","Computer Audio  Video Accessories","False","0"
"B0BNVVDQX7","6Pcs Magnetic Test Leads 30V AC/5A 20AWG Professional Low Voltage Magnetic Jumper Silicone Flexible Jumper Test Wire Soft Sensors Switches Test Lead for Testing(6Pcs)","https://m.media-amazon.com/images/I/61P4vVHOyvL._AC_UL320_.jpg","https://www.amazon.ca/dp/B0BNVVDQX7","3.6","8","20.99","0.0","Industrial  Scientific","False","50"
"B07PW9P6GN","AIRCARE AU5003PKCN Demineralization Cartridge (3 Cartridges)","https://m.media-amazon.com/images/I/71VxIUGGtZL._AC_UL320_.jpg","https://www.amazon.ca/dp/B07PW9P6GN","4.1","15","0.0","0.0","Janitorial  Sanitation Supplies","False","0"
"B09CDDSDBV","1.02"" Medium Hard Rubber Bumper Feet with Stainless Washer and Screws, Soft, Non Slip, Non Marking, Fine Grips for Appliances, Furniture, Electronics （12 Pack）","https://m.media-amazon.com/images/I/61n31Wcn1eL._AC_UL320_.jpg","https://www.amazon.ca/dp/B09CDDSDBV","4.3","29","14.95","0.0","Furniture Hardware","False","0"
"B0CD2WPHXJ","Boardwalk Customized Double Sided Reflective Address Sign with Name Rider, Navy Flag and Solar Light on 48"" Post","https://m.media-amazon.com/images/I/61XFVyyiaRL._AC_UL320_.jpg","https://www.amazon.ca/dp/B0CD2WPHXJ","0.0","0","244.43","0.0","House Numbers, Plaques  Signs","False","0"
"B0765XDVKD","Neewer Camera Speedlite Flash Softbox and Reflector Diffuser Kit for Canon Nikon and Other DSLR Cameras Flashes, Neewer TT560 TT850 TT860 NW561 NW670 VK750II Flashes","https://m.media-amazon.com/images/I/71TrzmrKbYL._AC_UL320_.jpg","https://www.amazon.ca/dp/B0765XDVKD","4.4","570","28.99","0.0","Camera  Photo","False","0"
"B09QCSN39Z","USB Flash Drive,8/16/32/64GB High Speed USB 3.0 Flash Drive Metal Waterproof Data Storage U Disk for PC Laptop Storage and Backup, Black, 8GB (1916963_LUYANhapy9-US)","https://m.media-amazon.com/images/I/51qo6mxl1nS._AC_UL320_.jpg","https://www.amazon.ca/dp/B09QCSN39Z","0.0","0","0.0","0.0","Data Storage","False","0"
"B0CBB3WGC3","2 Pcs Solar System Bracelets for Women Universe Galaxy Bracelet Natural Stone Beads Bracelet Planets Bracelet Jewelry Gift for Men","https://m.media-amazon.com/images/I/71WEiu9dxmL._AC_UL320_.jpg","https://www.amazon.ca/dp/B0CBB3WGC3","5.0","1","11.99","0.0","Men's Jewelry","False","0"
"B0C9QDLVJN","Inflatable Castle Large Inflatable Castle Trampoline Slide Children's Play Facilities Large Inflatable Castle for Kids","https://m.media-amazon.com/images/I/61CQ2OocqmL._AC_UL320_.jpg","https://www.amazon.ca/dp/B0C9QDLVJN","0.0","0","4487.96","0.0","Children's Outdoor Inflatable Bouncers  Bouncy Castles","False","0"
"B01FWNEHT4","Ello Syndicate Glass Water Bottle with One-Touch Flip Lid and Protective Silicone Sleeve and Carry Loop, BPA Free, Dishwasher Safe, Blue Tide, 20oz","https://m.media-amazon.com/images/I/61LW3a5V1FL._AC_UL320_.jpg","https://www.amazon.ca/dp/B01FWNEHT4","4.6","1715","27.75","29.49","Sports  Outdoors","False","0"
"B0BG2F6TZV","Joamang M6 x 10mm 14mm 18mm 20mm 25mm Button Head Socket Cap Screws Bolts, Stainless Steel 304, Metric Allen Hex Drive, Bright Finish, Fully Threaded, Assortment Kit 50PCS","https://m.media-amazon.com/images/I/81mW6GjT1WL._AC_UL320_.jpg","https://www.amazon.ca/dp/B0BG2F6TZV","4.8","24","16.99","0.0","Nails, Screws  Fasteners","False","0"
"B0B4RFCVR7","Ingrown Toenail Wire Fixer, 12pcs/box Stainless Steel Ingrown Toenail Brace Kit Toenail Straightener Toe Nail Recover Pedicure Treatment Foot Care Tools for Men and Women","https://m.media-amazon.com/images/I/41sFVfZO6IL._AC_UL320_.jpg","https://www.amazon.ca/dp/B0B4RFCVR7","3.8","4","9.19","0.0","Nail Polish  Nail Decoration Products","False","0"
"B0BYJ6B18T","Inflatable Lounger Air Sofa Chair–Camping & Beach Accessories–Portable Water Proof Couch for Hiking, Picnics, Outdoor, Music Festivals & Backyard (Orange)","https://m.media-amazon.com/images/I/51Nda1Pc46L._AC_UL320_.jpg","https://www.amazon.ca/dp/B0BYJ6B18T","5.0","1","28.33","0.0","Outdoor Gear","False","0"
"B09SH179HF","NileHome Toilet Brush and Holder,Toilet Bowl Brush with 304 Stainless Steel Long Handle, Hidden Toilet Brush with Durable Scrubbing Bristles for Bathroom Deep Cleaning","https://m.media-amazon.com/images/I/610xdAb4cCL._AC_UL320_.jpg","https://www.amazon.ca/dp/B09SH179HF","4.1","238","17.99","0.0","Household Cleaning Tools","False","100"
"B0BXL3NSKK","Surker Hair Clipper for Men, Professional T- Blade Zero Gapped Hair Nose Beard Body Trimmer Grooming Kit Multipurpose Hair Cut Clipper Set for Men 7 in 1","https://m.media-amazon.com/images/I/61BrcD1BpSL._AC_UL320_.jpg","https://www.amazon.ca/dp/B0BXL3NSKK","4.3","105","45.99","0.0","Beauty","False","600"
"B0BTY3JWL9","Vintage Sunflowers Women Backpack Purse Anti-theft Casual Shoulder Bag Travel Backpack Purses#71, Multicolor, One Size","https://m.media-amazon.com/images/I/71Qgrso34kL._AC_UL320_.jpg","https://www.amazon.ca/dp/B0BTY3JWL9","0.0","0","0.0","0.0","Women's Handbags","False","0"
"B0CFSHXYC5","Operitacx 5 Sheets Number Stickers Stickers Alphabet Sticker Applique Removable Decorate","https://m.media-amazon.com/images/I/81duJNT7eXL._AC_UL320_.jpg","https://www.amazon.ca/dp/B0CFSHXYC5","0.0","0","0.0","0.0","House Numbers, Plaques  Signs","False","0"
"B0BZ2YXXWR","Powered by Milk Onesie (6-12m) PINK, expecting dad gift, fathers day gift, gender neutral coming home outfit, newborn boy personalized gift, gender reveal bodysuit","https://m.media-amazon.com/images/I/61POSe0oprL._AC_UL320_.jpg","https://www.amazon.ca/dp/B0BZ2YXXWR","0.0","0","19.99","0.0","Handmade Clothing, Shoes  Accessories","False","0"
"B09SKTCSQD","F Trudeau Flag, 100D Polyester 3x5 Ft FK Trudeau Banner with Brass Grommets for Outdoor Indoor Decoration(leaf)","https://m.media-amazon.com/images/I/61CJHM7SwEL._AC_UL320_.jpg","https://www.amazon.ca/dp/B09SKTCSQD","4.4","47","13.99","0.0","Outdoor Décor","False","0"
"B0CJMFRZ6X","LED Strip for 40"" TV F40D7300C H-LED40ET3000 RF-BS400S30-0701S-10 A2 RF-BS400S30-0701S-01 A2 SA40S57N (Color : 10 Set)","https://m.media-amazon.com/images/I/41uBiBdHDSL._AC_UL320_.jpg","https://www.amazon.ca/dp/B0CJMFRZ6X","0.0","0","372.3","0.0","Televisions","False","0"
"B0C9QDB5FH","Laundry Powder Container - Moisture-Proof, Sorted Storage, Stackable and Easy to Clean - Washing Powder Storage Box for Laundry Detergent, Tablets, Capsules, Pods, Pet Food Containers(C)","https://m.media-amazon.com/images/I/41F706rQlcL._AC_UL320_.jpg","https://www.amazon.ca/dp/B0C9QDB5FH","0.0","0","14.49","0.0","Laundry Supplies","False","0"
"B08M5TM38V","TUG Oval 360° Tangle-Free Retractable Dog Leash with Integrated Waste Bag Dispenser (Small, Black)","https://m.media-amazon.com/images/I/61E8yYhAznL._AC_UL320_.jpg","https://www.amazon.ca/dp/B08M5TM38V","4.4","424","30.99","0.0","Pet Supplies","False","0"
"B0CJSVMZC1","Didiseaon 1 Set Toys Catch Launcher Interesting catching Toy Scoop Ball Catch Cup Child Accessories Outdoor","https://m.media-amazon.com/images/I/619yVNpF3RL._AC_UL320_.jpg","https://www.amazon.ca/dp/B0CJSVMZC1","0.0","0","0.0","0.0","Toy Sports Equipment","False","0"
"B089KWDXH1","DCS 20Pcs Stainless Steel Folding Hinges 3 inch Door and Window Hinges assigned 120 Screws","https://m.media-amazon.com/images/I/6114Q3d6HcS._AC_UL320_.jpg","https://www.amazon.ca/dp/B089KWDXH1","3.9","87","35.99","0.0","Door Hardware  Locks","False","0"
"B013K7GIH8","Weiman Stainless Steel Cleaner & Polish (17 oz., 3 ct.)","https://m.media-amazon.com/images/I/71Hyv-aEFmL._AC_UL320_.jpg","https://www.amazon.ca/dp/B013K7GIH8","4.5","38","37.57","0.0","Household Cleaning","False","0"
"B08CVRSLG8","Since 1976, The Universal Leather Cleaner and Hi-tech Cloth for Shoes, Boots, Jackets, Furnitures, and Purses. Setting the Standards in Leather Care.","https://m.media-amazon.com/images/I/811G5d29lCL._AC_UL320_.jpg","https://www.amazon.ca/dp/B08CVRSLG8","4.2","113","19.99","0.0","Automotive Care","False","0"
"B08LMSKCXR","Men' Loafers Shoes for Men Slip on Shoes Casual Leather Shoes","https://m.media-amazon.com/images/I/61t+llIkQCL._AC_UL320_.jpg","https://www.amazon.ca/dp/B08LMSKCXR","4.2","301","39.99","0.0","Men's Shoes","False","0"
"B09PDL6KRV","QY6-0075 Print Head for Canon iP5300 MP810 iP4500 MP610 MX850, High Resolution Single Black Printhead Parts for Canon, with Protective Cover","https://m.media-amazon.com/images/I/61r77C0zinL._AC_UL320_.jpg","https://www.amazon.ca/dp/B09PDL6KRV","1.0","1","32.04","0.0","Printer Accessories","False","0"
"B0CB633B5H","Women's Rhinestone Spider Hoodie Y2K Full Zip Up Over Face vintage Jacket Pullover Aesthetics Oversized Sweatshirt","https://m.media-amazon.com/images/I/61-CZTC7T9L._AC_UL320_.jpg","https://www.amazon.ca/dp/B0CB633B5H","3.8","103","33.3","0.0","Sport Specific Clothing","False","0"
"B09LH9LMYT","Zoom in 40，000 Times Skeletal Muscle Fiber microanatomy Model Medical educationuseful SaiFei","https://m.media-amazon.com/images/I/715mCkIBVPL._AC_UL320_.jpg","https://www.amazon.ca/dp/B09LH9LMYT","0.0","0","758.99","0.0","Science Education Supplies","False","0"
"B004UA552E","Heracles Seesaw","https://m.media-amazon.com/images/I/71lhH9K6AGL._AC_UL320_.jpg","https://www.amazon.ca/dp/B004UA552E","4.5","822","129.99","0.0","Baby  Toddler Toys","False","0"
"B0BGLJHCSH","Minifigure Display Case, Acrylic Display Case Building Block Display Box for Figurines & Collectibles Stackable Action Figure, Display Case High-Transparency Storage Case (24 PCS)","https://m.media-amazon.com/images/I/71i1MMpwFWL._AC_UL320_.jpg","https://www.amazon.ca/dp/B0BGLJHCSH","0.0","0","182.12","0.0","Collectible Toys","False","0"
"B0080JNRKS","Oajen 2"" caster with 1/4"" - 20 x 1"", pack of 4","https://m.media-amazon.com/images/I/41lBtG5iASL._AC_UL320_.jpg","https://www.amazon.ca/dp/B0080JNRKS","4.4","234","29.58","0.0","Industrial Hardware","False","0"
"B0CKMTDDQS","Mularoka Cactus Floswes Firewood Storage Bag Velcro Webbing Handle Firewood Tote Bag Djustable Fire Wood Bag for Outdoor Camping, BBQs","https://m.media-amazon.com/images/I/71HNoOpfSBL._AC_UL320_.jpg","https://www.amazon.ca/dp/B0CKMTDDQS","0.0","0","22.55","0.0","Outdoor Heating  Cooling","False","0"
"B0B2D53741","for C.E.C. 780CD DVD Player Blu-ray CD Player Laser Lens Optical Pick-ups Bloc Optique DVD Laser Lens Optical Pick-up","https://m.media-amazon.com/images/I/51jVDE3EgXL._AC_UL320_.jpg","https://www.amazon.ca/dp/B0B2D53741","0.0","0","116.84","0.0","DVD Players  Recorders","False","0"
"B015OW1Q56","Aerolon 16 Oz Tech Shine Fast Wet-Applied Polymeric Car Wax Coating Kit, Top Coat Polish and Sealer for Car Bike Boat, Auto Detailing Accessory for Hydrophobic Mirror Shine Gloss Kit and Applicator","https://m.media-amazon.com/images/I/518qYYjk8yL._AC_UL320_.jpg","https://www.amazon.ca/dp/B015OW1Q56","4.6","2693","68.0","94.65","Automotive Care","False","0"
"B0BVQM5FZ5","Magnetic Mailbox Cover Standard Size 18.5""x21.7"" for Outdoor Use - Easy to Install Reusable Tropical Plants Cartoon Palm Trees Banana Leaves Post Letter Box Wrap Cover for Garden Yard Home","https://m.media-amazon.com/images/I/61ipPKtgjQL._AC_UL320_.jpg","https://www.amazon.ca/dp/B0BVQM5FZ5","0.0","0","34.23","0.0","Mailboxes  Accessories","False","0"
"B08FCNR4CS","8X10 PRINT OF ORIGINAL PAINTING RYTA WEST HIGHLAND TERRIER WESTIE DOG PET LANDSCAPE LILAC PORTRAIT OFFICE BUSINESS INTERIOR HOME HOUSE DESIGN DECOR DECORATION FINE WALL ART","https://m.media-amazon.com/images/I/51HOK1+XkOL._AC_UL320_.jpg","https://www.amazon.ca/dp/B08FCNR4CS","0.0","0","29.0","0.0","Handmade Artwork","False","0"
"B07KWVND5W","uxcell M6 Carbon Steel Slab Base T-Shaped 2 Projection Weld Nuts Pack of 25","https://m.media-amazon.com/images/I/61d-0Bh5tpL._AC_UL320_.jpg","https://www.amazon.ca/dp/B07KWVND5W","4.1","33","13.99","0.0","Nails, Screws  Fasteners","False","0"
"B01MUPSJV7","Children Toddler Infant Hat Peaked Baseball Beret Kids Cap Hats","https://m.media-amazon.com/images/I/61g35j4uiGL._AC_UL320_.jpg","https://www.amazon.ca/dp/B01MUPSJV7","3.3","5","9.8","0.0","Baby","False","0"
"B07TR7K33F","Optoma EH412ST Short Throw 1080P DLP Professional Projector | Super Bright 4000 Lumens","https://m.media-amazon.com/images/I/81hhigqWC7L._AC_UL320_.jpg","https://www.amazon.ca/dp/B07TR7K33F","4.4","92","0.0","0.0","Television Projectors","False","0"
"B07DP2Z17G","Cabbage DITA Early Seeds Vegetables Organic from Ukraine 1 Gram","https://m.media-amazon.com/images/I/91Zi+Twsm0L._AC_UL320_.jpg","https://www.amazon.ca/dp/B07DP2Z17G","5.0","1","2.89","0.0","Plants Seeds  Bulbs","False","0"
"B095MST534","GUESS 1981 Indigo Fragrance Mist Women 8.4 oz","https://m.media-amazon.com/images/I/619fptxYmlL._AC_UL320_.jpg","https://www.amazon.ca/dp/B095MST534","4.1","171","17.75","19.35","Perfume  Cologne","False","0"
"B0BVR83D2Y","Mailbox Cover Magnetic Happy Thanksgiving Orange Pumpkin Fall Flower Mailbox Covers Standard Size 21x18in,Mailbox Covers Wrap Post Letter Box Cover for Garden Yard Outdoor Autumn Leaves Retro Linen","https://m.media-amazon.com/images/I/61MXqj06hdL._AC_UL320_.jpg","https://www.amazon.ca/dp/B0BVR83D2Y","0.0","0","27.62","0.0","Mailboxes  Accessories","False","0"
"B07VGMVBX9","Mix : Hoya Seeds, Potted Seed, Hoya Carnosa Flower Seeds Garden Plants, Perennial Planting - 100 Seeds 20 Kinds Mixed","https://m.media-amazon.com/images/I/41cc7EEYm9L._AC_UL320_.jpg","https://www.amazon.ca/dp/B07VGMVBX9","1.0","1","8.5","0.0","Farming  Urban Agriculture","False","0"
"B09311C6BX","Massage Glove with Beaded Spiky Texture Soft Material Massage Tools Glove for Right Hand only (Black)","https://m.media-amazon.com/images/I/61fHlc468aS._AC_UL320_.jpg","https://www.amazon.ca/dp/B09311C6BX","1.0","1","11.99","0.0","Household Cleaning Tools","False","0"
"B097DTL65W","Set of 12 The Office Wood Coasters - The Office Collection (Set of 12)","https://m.media-amazon.com/images/I/916LlVY7PES._AC_UL320_.jpg","https://www.amazon.ca/dp/B097DTL65W","0.0","0","79.99","0.0","Handmade Kitchen  Dining","False","0"
"B01AD1TMUY","Melissa & Doug Sunny Patch Camo Chameleon Bean Bag Toss Action Game","https://m.media-amazon.com/images/I/719kMWQYhPL._AC_UL320_.jpg","https://www.amazon.ca/dp/B01AD1TMUY","4.3","262","38.01","0.0","Outdoor Play Toys","False","0"
"B001UJIYIK","Monoprice 104768 3-Feet Premier Series XLR Female to 1/4-Inch TRS Male 16AWG Cable","https://m.media-amazon.com/images/I/81Qs81iR32L._AC_UL320_.jpg","https://www.amazon.ca/dp/B001UJIYIK","4.6","1101","11.57","0.0","Musical Instruments, Stage  Studio","False","0"
"B089XKSW58","Anatolian pillow cover 18x18 inch Oriental Kilim pillow Home Design Decorative Pillow cover Chevron Kilim Throw pillow Cushion Cover","https://m.media-amazon.com/images/I/91LpdlYU5RL._AC_UL320_.jpg","https://www.amazon.ca/dp/B089XKSW58","0.0","0","51.05","0.0","Handmade Home Décor","False","0"
"B0CBJJHF53","Bathroom Gap Cleaning Brush,Long Slit Brush,Multi Purpose Cleaning Cream,Gap Cleaning Brush,Multifunctional Gap Brush (2PCS)","https://m.media-amazon.com/images/I/61my+UKH-UL._AC_UY218_.jpg","https://www.amazon.ca/dp/B0CBJJHF53","0.0","0","12.95","0.0","Kitchen Utensils  Gadgets","False","0"
"B082NP1YGV","senya White Llama Large Storage Basket Collapsible Organizer Bin Laundry Hamper for Nursery Clothes Toys","https://m.media-amazon.com/images/I/61IT9qEDsIL._AC_UL320_.jpg","https://www.amazon.ca/dp/B082NP1YGV","5.0","1","0.0","0.0","Nursery Furniture, Bedding  Décor","False","0"
"B003ZTNENS","Krylon® 18 Kt. Gold Leafing Pen","https://m.media-amazon.com/images/I/71A5HXAbBYL._AC_UL320_.jpg","https://www.amazon.ca/dp/B003ZTNENS","4.7","3259","14.19","16.42","Office Products","False","0"
"B0C5BVTR2Q","JEWEDECO 4pcs Moon Chair Foot Cover Home Desk Chair Camping Accessories Portable Chair Camping Chair Leg Floor Protectors Furniture Feet Protector Mats Chair Leg Protectors Black Non-","https://m.media-amazon.com/images/I/61FzcYjVOGL._AC_UL320_.jpg","https://www.amazon.ca/dp/B0C5BVTR2Q","0.0","0","12.94","0.0","Furniture Hardware","False","0"
"B0075AKL5M","igourmet Locatelli Pecorino Romano Cheese - Pound Cut (15.5 ounce)","https://m.media-amazon.com/images/I/5175FMdaNKL._AC_UL320_.jpg","https://www.amazon.ca/dp/B0075AKL5M","4.7","58","69.99","0.0","Grocery","False","0"
"B000E303L4","Fox Run 3405 Shortbread Cookie Cutter, 3-Inch, Stainless Steel","https://m.media-amazon.com/images/I/61PlKgrG+OL._AC_UY218_.jpg","https://www.amazon.ca/dp/B000E303L4","4.4","440","21.69","0.0","Bakeware","False","0"
"B081338MZ8","50 Pcs 1/4-20 Aluminum Flange Nutserts Rivet Nut, UNC Flat Head Rivnut Threaded Insert","https://m.media-amazon.com/images/I/71aRJ3Qq-iL._AC_UL320_.jpg","https://www.amazon.ca/dp/B081338MZ8","4.7","130","14.49","0.0","Nails, Screws  Fasteners","False","0"
"B0BRSN76SW","Gxcdizx LED Headlamp Rechargeable Flashlight for Adults 230° Wide Beam Headlight Motion Sensor Head Lamp, Adjustable Headband Outdoor Waterproof Head Light for Running, Camping, Hiking","https://m.media-amazon.com/images/I/51x1Gx9DvGL._AC_UL320_.jpg","https://www.amazon.ca/dp/B0BRSN76SW","0.0","0","33.99","0.0","Job Site Lighting","False","0"
"B01DO2IQGU","Big Horn 19710B-5PK 7-Star Stud 1/4-20 (5/PK), Black","https://m.media-amazon.com/images/I/610cjjoXIWL._AC_UL320_.jpg","https://www.amazon.ca/dp/B01DO2IQGU","4.6","216","17.5","0.0","Industrial Hardware","False","0"
"B00RD6II4E","STARBUCKS PIKE PLACE Roast Medium Roast Ground Coffee K-CUP Pods 10 ct Box","https://m.media-amazon.com/images/I/81GoZSX1QyL._AC_UL320_.jpg","https://www.amazon.ca/dp/B00RD6II4E","4.6","371","10.99","0.0","Grocery","False","100"
"B0BRJX4D6F","Cadeau Grand Mere Fête des Mères Femme Humour Amour Mug pour mère Tasse cadeau en Français","https://m.media-amazon.com/images/I/6135jzPzfBL._AC_UL320_.jpg","https://www.amazon.ca/dp/B0BRJX4D6F","0.0","0","24.0","0.0","Handmade Kitchen  Dining","False","0"
"B0C4Z6RHRF","Gazing Mirror Ball - Stainless Steel by Trademark Innovations (Pink, 8"")","https://m.media-amazon.com/images/I/511588ONEZL._AC_UL320_.jpg","https://www.amazon.ca/dp/B0C4Z6RHRF","5.0","1","51.25","0.0","Outdoor Décor","False","0"
"B000SIT0XC","Panasonic C-5 Micron Filteration Vacuum Bags - 3 Bags","https://m.media-amazon.com/images/I/81OLCNor9dL._AC_UY218_.jpg","https://www.amazon.ca/dp/B000SIT0XC","4.5","172","23.75","0.0","Vacuums  Floor Care","False","0"
"B0C8M5P4HR","Miekeits Women's Two-Piece Ladies Tankini Swimsuit - Shorts Split Push Up Swimsuit Floral Print Tummy Control Bathing Suit","https://m.media-amazon.com/images/I/61h0WwZobGL._AC_UL320_.jpg","https://www.amazon.ca/dp/B0C8M5P4HR","4.0","2","26.99","0.0","Boating  Watersports","False","0"
"B0835VVZTY","Baby Boys Cap and Bootie Set - Baby Gift Set with Hat and Socks for 0-12 Months (0-12Months)","https://m.media-amazon.com/images/I/81D5ilDZ03L._AC_UL320_.jpg","https://www.amazon.ca/dp/B0835VVZTY","4.8","528","41.22","0.0","Baby","False","0"
"B0B4DPNPZS","LKKCHER Beer Opener, Motorbike Bottle Gifts for Men, Motorcycles Men Him Dad Husband Father Boyfriend Biker, Lover Birthday Present（with Gift Box and Card）, 12.8 x 7.4, ATM1111","https://m.media-amazon.com/images/I/815KxEsbYrL._AC_UL320_.jpg","https://www.amazon.ca/dp/B0B4DPNPZS","4.6","88","15.99","0.0","Food Service Equipment  Supplies","False","0"
"B07H4QKG4B","10pcs Universal M6 Female Threaded Star Knobs, Lathe Thru Hole Clamping Nuts Grip Handle 25mm OD","https://m.media-amazon.com/images/I/51BRhIhWN1L._AC_UL320_.jpg","https://www.amazon.ca/dp/B07H4QKG4B","4.8","12","16.45","0.0","Industrial Hardware","False","0"
"B07Z66VX8W","Ombre Blonde with Highlight Wig Long Wavy Synthetic Full Hair Wigs for Women Heat Resistant Replacement Wig","https://m.media-amazon.com/images/I/612ftG75gfL._AC_UL320_.jpg","https://www.amazon.ca/dp/B07Z66VX8W","3.8","268","26.99","0.0","Hair Care","False","0"
"B0C8B2YQSH","Plant Stand Indoor Bamboo Outdoor Tiered Plant Shelf 3 Tier 8 Potted Flower Holder Ladder Plant Rack For Multiple Table Plant Pot Stand For Balcony Window Garden Living Room Patio Triangle Plant Stands (3 Tier Natural)","https://m.media-amazon.com/images/I/81wu2CCbp4L._AC_UL320_.jpg","https://www.amazon.ca/dp/B0C8B2YQSH","5.0","1","40.99","0.0","Patio, Lawn  Garden","False","0"
"B095KSL2B9","Anker Thunderbolt 4 Cable 2.3 ft, Supports 8K Display / 40 Gbps Data Transfer / 100W Charging USB C to USB C Cable, for Type-C MacBooks, iPad Pro, Hub, Docking, and More (Intel Thunderbolt Certified)","https://m.media-amazon.com/images/I/61Gjsy1Y50S._AC_UL320_.jpg","https://www.amazon.ca/dp/B095KSL2B9","4.7","979","49.99","0.0","Televisions  Video","False","200"
"B0CFB1R1DN","Acrylic Weekly Desk Calendar 2023 - Personalized Dry Erase Board, Desk Calendar, Housewarming Gift, Custom Calendar","https://m.media-amazon.com/images/I/71GDl3B5RXL._AC_UL320_.jpg","https://www.amazon.ca/dp/B0CFB1R1DN","0.0","0","34.9","0.0","Handmade Home Décor","False","0"
"B00K6B2SQW","Kendall KEN8900SA K8900SA Sharps Container - 1 Quart red, Red","https://m.media-amazon.com/images/I/51GdZPBEmsL._AC_UL320_.jpg","https://www.amazon.ca/dp/B00K6B2SQW","4.4","209","4.8","0.0","Health Care Products","True","600"
"B0C9JV4L2Z","LG 34” UltraWide FHD VESA DisplayHDR 400 IPS Monitor with AMD FreeSync","https://m.media-amazon.com/images/I/51s0ukDduGL._AC_UL320_.jpg","https://www.amazon.ca/dp/B0C9JV4L2Z","4.0","2","398.53","0.0","Electronics","False","0"
"B094S9RZHD","Animal Crossing Inspired Hand Lettering Stickers (Set of 6)","https://m.media-amazon.com/images/I/91pIBmzOaqS._AC_UL320_.jpg","https://www.amazon.ca/dp/B094S9RZHD","0.0","0","6.5","0.0","Handmade Home Décor","False","0"
"B01BIW8K50","General Pipe Cleaners SV-F Super-Vee Electric Drain Cleaning Machine with 25' of 1/4"" Cable for 1-1/4"" to 2"" Sink, Tub and Shower Drains","https://m.media-amazon.com/images/I/614iSH92EiL._AC_UL320_.jpg","https://www.amazon.ca/dp/B01BIW8K50","4.1","36","0.0","0.0","Janitorial  Sanitation Supplies","False","0"
"B09GVJNQ54","MECCANIXITY PVC Transparent Hose Vinyl Tubing 10mm ID 12mm OD 2m Flexible Lightweight for Water Tube,Air Tube","https://m.media-amazon.com/images/I/511CltPi9tL._AC_UL320_.jpg","https://www.amazon.ca/dp/B09GVJNQ54","0.0","0","12.99","0.0","Hydraulics, Pneumatics  Plumbing","False","0"
"B00FVU6DFK","MikroTik - RB912UAG-2HPND - RouterBOARD 912UAG with 600Mhz Atheros CPU, 64MB RAM, 1xGigabit LAN, USB, miniPCIe, builtin 2.4Ghz 802.11b/g/n 2x2 two chain wireless, 2xMMCX connectors, RouterOS L4.","https://m.media-amazon.com/images/I/A1JLNrerCQL._AC_UL320_.jpg","https://www.amazon.ca/dp/B00FVU6DFK","5.0","2","223.99","0.0","Networking Products","False","0"
"B0CKQ56DX8","Carte funéraire de chat en alluminium mince, changer la photo, le nom et la date - Lot de 3 cartes","https://m.media-amazon.com/images/I/61tAZYgG0fL._AC_UL320_.jpg","https://www.amazon.ca/dp/B0CKQ56DX8","0.0","0","12.0","0.0","Handmade Stationery  Party Supplies","False","0"
"B07RSWNTYK","Roger & Gallet L'Homme Menthe by Roger & Gallet Eau De Toilette Spray 3.3 oz / 100 ml (Men)","https://m.media-amazon.com/images/I/51rl1xuLMmL._AC_UL320_.jpg","https://www.amazon.ca/dp/B07RSWNTYK","4.1","22","83.74","0.0","Perfume  Cologne","False","0"
"B0C8NXPKN7","DORPU 14’’ FHD 1200P IPS Triple Portable Monitor for Laptop, Slim Lightweight HDR Laptop Monitor Extender, HDMI & USB-C Powered, Plug & Play Dual Portable Monitor for 15-17.3'' Mac & Windows Laptop","https://m.media-amazon.com/images/I/71pEkOQPJkL._AC_UL320_.jpg","https://www.amazon.ca/dp/B0C8NXPKN7","4.0","16","720.93","0.0","Computer Monitors","False","0"
"B01KVVK0TS","Basketball Bangle Bracelet- Basketball Bracelet- Basketball Jewelry For Girls- Perfect Basketball Gift","https://m.media-amazon.com/images/I/51kG4OmtlZL._AC_UL320_.jpg","https://www.amazon.ca/dp/B01KVVK0TS","4.6","221","23.52","0.0","Girls","False","0"
"B07VY5KPJG","Google Nest Hub with Google Assistant - Sand (GA00517-CA)","https://m.media-amazon.com/images/I/71gB2JpZS-L._AC_UL320_.jpg","https://www.amazon.ca/dp/B07VY5KPJG","4.5","112","100.0","128.02","Electronics","False","0"
"B0CJZ7565Z","ERINGOGO 1 PC Rhombus Grip car Steering Wheel Glitter Steering Wheel Cover for Women Steering Wheel Protector","https://m.media-amazon.com/images/I/61wxX3qi3+L._AC_UL320_.jpg","https://www.amazon.ca/dp/B0CJZ7565Z","0.0","0","0.0","0.0","Oils  Fluids","False","0"
"B0BYS3YSFS","Easy to Fly Kit Kites Some Boys Girls Adult Kites Cute Octopus Cartilage Kites 400 Meters Suitable for Park Square Sports 4 Meters Kids Kite Easy to Assemble Kite Toys","https://m.media-amazon.com/images/I/61-BUYfSkCL._AC_UL320_.jpg","https://www.amazon.ca/dp/B0BYS3YSFS","0.0","0","86.68","0.0","Kites  Wind Spinners","False","0"
"B0CD2Y19PN","SAFIGLE Toys 3pcs Outdoor Play Set Outdoor Flag Outdoor Bean Bag Toss Ball Games Set Hanging Toss Game Bean Bag","https://m.media-amazon.com/images/I/61BLQ-tfkyL._AC_UL320_.jpg","https://www.amazon.ca/dp/B0CD2Y19PN","0.0","0","0.0","0.0","Beanbag  Foot Bags","False","0"
"B0CG2JMZG6","NIYANGLE Cleanser 20pcs Sponge Kitchen Cleaning Sponge Dishwashing Scrub Nubuck Cleaner Dish","https://m.media-amazon.com/images/I/51IOROzO79L._AC_UL320_.jpg","https://www.amazon.ca/dp/B0CG2JMZG6","0.0","0","10.56","0.0","Dishwashing Supplies","False","0"
"B09L4RZHRD","Kids/Toddler Ear Protection Safety Ear Muffs For Age 3-16 Noise Cancelling Headphones 27.4dB Kids Hearing Protection Earmuffs","https://m.media-amazon.com/images/I/51nI1hbmlWL._AC_UL320_.jpg","https://www.amazon.ca/dp/B09L4RZHRD","4.7","815","46.55","0.0","Occupational Health  Safety Products","False","0"
"B07Y2RBMRD","New Replace Remote Control Applicable for RCA Roku TV RTR3260 RTR3261 RTU5540 RTR4060 RTR5060 RTR5061 RTRU5527 RTR3260-W RTRU5027-W RTR4360-W RTR4360 RTR4361 RTR4360US RTR4360US RTR3260US","https://m.media-amazon.com/images/I/51eBzLZ2nOL._AC_UL320_.jpg","https://www.amazon.ca/dp/B07Y2RBMRD","4.5","387","11.97","12.98","Televisions  Video","False","0"
"B0CGF2P26S","Canadiens 2009 Collector Series 2 of 6 Centennial 50 Cents Coin 1945-1946 Canada","https://m.media-amazon.com/images/I/71ROhKBo7zL._AC_UL320_.jpg","https://www.amazon.ca/dp/B0CGF2P26S","0.0","0","9.99","0.0","Collectible Toys","False","0"
"B0BTY6F1G6","Western Cattle Baby Girl 2pcs Clothes Set Cowgirl Bell Bottom Outfit Short Sleeve Funny Letter Shirt Playsuit","https://m.media-amazon.com/images/I/71REsLoMz6L._AC_UL320_.jpg","https://www.amazon.ca/dp/B0BTY6F1G6","4.0","1","19.57","0.0","Baby","False","0"
"B0CJK242ZL","Foldable Camping Storage Box, 5-Way Open Door Round Corner PP and Density Board Camping Foldable Storage Box (White)","https://m.media-amazon.com/images/I/611LNe22ZmL._AC_UL320_.jpg","https://www.amazon.ca/dp/B0CJK242ZL","0.0","0","0.0","0.0","Outdoor Storage  Housing","False","0"
"B0BQWTMNVP","Oblique Feet, Modern Furniture Leg Corrosion Resistant for Coffee Tables for Bedside Tables for Bathroom Furniture","https://m.media-amazon.com/images/I/51JA4FN71nS._AC_UL320_.jpg","https://www.amazon.ca/dp/B0BQWTMNVP","0.0","0","8.17","0.0","Furniture Hardware","False","0"
"B0078QZZOU","Mens Flame Resistant 9 Oz Twill Cotton Work Pant","https://m.media-amazon.com/images/I/71jMYR0hm3L._AC_UL320_.jpg","https://www.amazon.ca/dp/B0078QZZOU","4.1","186","86.0","0.0","Uniforms, Work  Safety","False","0"
"B06WP2XQN7","AKI Diorama Effects - Wet Ground Terrain 250ml","https://m.media-amazon.com/images/I/51mQX9u2B6L._AC_UL320_.jpg","https://www.amazon.ca/dp/B06WP2XQN7","0.0","0","27.25","0.0","Hobbies","False","0"
"B0868J3YT2","Bryton Rider 320E GPS Bike/Cycling Computer. 5 Satellite Systems Support. 35hrs Long Battery Life. Support ANT+/BLE Speed, Cadence, Heart Rate Monitor sensors, ANT+ Power Meter.","https://m.media-amazon.com/images/I/61WW-l0S66L._AC_UL320_.jpg","https://www.amazon.ca/dp/B0868J3YT2","4.4","212","152.47","0.0","Cycling Equipment","False","0"
"B0CDLGJQ2C","NOGRAX LMR195 Cable BNC Male to BNC Male Connector Coaxial Jumper Cable 50ohm 1/2/3m 5m 10m 15m 20m 30m (Color : 30m)","https://m.media-amazon.com/images/I/619DcAR5qTL._AC_UL320_.jpg","https://www.amazon.ca/dp/B0CDLGJQ2C","0.0","0","36.71","0.0","Satellite Television Equipment","False","0"
"B08SM17PKH","Guitar Pick Holder Guitar Picks Organizer Case Compatible with Fender/D'Addario/Jim Dunlop/Donner/Haneye/Chroma Cast/SUNLP Musical Instrument(Box Only)","https://m.media-amazon.com/images/I/81x9AY601PL._AC_UL320_.jpg","https://www.amazon.ca/dp/B08SM17PKH","4.7","32","14.69","0.0","Musical Instruments, Stage  Studio","False","0"
"B005S2BKDQ","TORCO Octane Booster Case of 6 Quarts UL Accelerator","https://m.media-amazon.com/images/I/51bCFTK44ZL._AC_UL320_.jpg","https://www.amazon.ca/dp/B005S2BKDQ","4.4","111","0.0","0.0","Oils  Fluids","False","0"
"B09WBVP2YX","Baby Unisex Shoes, Soft Sole Washable Sneakers (Grey, US Size 6)","https://m.media-amazon.com/images/I/61O9FRgRC2L._AC_UL320_.jpg","https://www.amazon.ca/dp/B09WBVP2YX","3.4","10","35.99","0.0","Baby","False","0"
"B0BMW38J6F","Latest Dell Inspiron i7620 2-in-1 Laptop | 16"" FHD+ Touchscreen | Intel 10-Core i5-1235U | Iris Xe Graphics | 24GB DDR4 1TB SSD | WiFi 6E | Thunderbolt 4 | Backlit KB | Fingerprint | Windows 11 Pro","https://m.media-amazon.com/images/I/61XoFBpr57L._AC_UL320_.jpg","https://www.amazon.ca/dp/B0BMW38J6F","0.0","0","1716.15","0.0","Laptop Computers","False","0"
"B089CJ21SL","Portable Wire Shoes Brush, Foldable Ballroom Dance Shoes Brush for Latin Salsa Tango Dancing (Red)","https://m.media-amazon.com/images/I/615ZRE0WxcL._AC_UL320_.jpg","https://www.amazon.ca/dp/B089CJ21SL","5.0","4","12.46","13.69","Shoe, Jewelry  Watch Accessories","False","0"
"B0BXH7F84H","Floral Girls' Dress Summer Casual Ruffle Sleeves Tie Back Toddler Vintage Dresses","https://m.media-amazon.com/images/I/71hUJNVKjxL._AC_UL320_.jpg","https://www.amazon.ca/dp/B0BXH7F84H","5.0","7","19.99","28.99","Girls","False","0"
"B0BW2XDXHJ","2 Pcs Pro Power Save Device, Pro Power Saver Electricity Saving Box Balance Current Source Stabilizes Voltage Supply, Pro Power Device, Smart Home Devices Electric Bill Killer For Home Office Factory","https://m.media-amazon.com/images/I/517sclyM+dL._AC_UL320_.jpg","https://www.amazon.ca/dp/B0BW2XDXHJ","3.3","27","18.99","20.99","Electrical Equipment","False","100"
"B0CJF53XQX","Silicone Teething Toys - Toddler Hand Teether, Chew Toys - Toddler Hand Teether - Soft, Food-Grade for Sensory Toy, Sucking Needs, Sensory Exploration Icefei","https://m.media-amazon.com/images/I/5158bFBR+FL._AC_UL320_.jpg","https://www.amazon.ca/dp/B0CJF53XQX","0.0","0","0.0","0.0","Baby  Child Care Products","False","0"
"B0BX9MG18K","ECIT Glass decanter set of 4 Handmade- Glass Flask for Home Decoration - Glassware home Decor","https://m.media-amazon.com/images/I/71cBd7FZtoL._AC_UL320_.jpg","https://www.amazon.ca/dp/B0BX9MG18K","0.0","0","169.99","0.0","Handmade Kitchen  Dining","False","0"
"B00DQJPDSQ","iGaging 34-626 Dial Bore Gauge, Engine Cylinder Measurement, 2""-6""/0.0005"" Deep","https://m.media-amazon.com/images/I/61xn9uETBKL._AC_UL320_.jpg","https://www.amazon.ca/dp/B00DQJPDSQ","4.5","135","93.71","0.0","Test, Measure  Inspect","False","0"
"B0C6KG6R5Z","1pcs/lot MC9S12H128VPV 1K78X QFP","https://m.media-amazon.com/images/I/51M6nP+ymZL._AC_UL320_.jpg","https://www.amazon.ca/dp/B0C6KG6R5Z","0.0","0","22.25","0.0","Computer Uninterrupted Power Supply","False","0"
"B08X7KFJDS","NIYIKOW Grip Strength Trainer Kit with Counter (5 Pack), Counting Grip Strength, Adjustable Hand Grip Strengthener, Finger Trainer, Finger Stretcher, Grip Ring & Stress Relief Grip Ball with Carry Bag","https://m.media-amazon.com/images/I/81FuqcZF5lL._AC_UL320_.jpg","https://www.amazon.ca/dp/B08X7KFJDS","4.4","2058","18.99","0.0","Sports  Outdoors","False","400"
"B0BM47VGSF","Youuxooa Ethnic Print Kaftan Dresses for Women Plus Size Caftan Cover Ups","https://m.media-amazon.com/images/I/61codEClsjL._AC_UL320_.jpg","https://www.amazon.ca/dp/B0BM47VGSF","4.2","17","32.99","0.0","Boating  Watersports","False","0"
"B0CBB8X9MR","2Packs DCB609 20V/60V Flexvolt Battery 9.0Ah for DeWalt 20V/60V Power Tools, for dewalt 20V/60V Flex Volt Battery DCB609 DCB609-2 DCB606 DCB612, Compatible with DeWalt 20v 60v Battery Chargers","https://m.media-amazon.com/images/I/61NbaRZ6OGL._AC_UL320_.jpg","https://www.amazon.ca/dp/B0CBB8X9MR","3.7","15","149.99","0.0","Tools  Home Improvement","False","0"
"B09FSWFRTQ","Noctua NM-i17xx-MP83, Mounting Kit for Noctua CPU Coolers on Intel's LGA1700 Platform","https://m.media-amazon.com/images/I/71hPe36sIsL._AC_UL320_.jpg","https://www.amazon.ca/dp/B09FSWFRTQ","4.8","530","15.05","0.0","Computer Components","False","0"
"B000A6VQMK","EZ-FLO 30001 Sink Strainer with Die-Cast Slip Joint Nut, Stainless Steel","https://m.media-amazon.com/images/I/619utHoCDQL._AC_UL320_.jpg","https://www.amazon.ca/dp/B000A6VQMK","4.3","416","9.34","0.0","Kitchen  Bath Fixtures","False","0"
"B0CG9C8H54","WOCBUY FM Transmitter for Car Bluetooth 5.3, Cigarette Lighter AUX Bluetooth Car Adapter, [QC3.0 & PD30W] Car Charger, Air Vent Installation, Hands-Free Calling & Bass Booster, Colorful-Breath Light","https://m.media-amazon.com/images/I/71oG3aRsGQL._AC_UL320_.jpg","https://www.amazon.ca/dp/B0CG9C8H54","4.6","8","24.99","0.0","Home  Portable Audio","False","0"
"B0CDXHJ2X9","Newborn Infant Baby Boys Girls Halloween Hooded Romper Bodysuit Costume Outfits Long Sleeve Pocket Pullover","https://m.media-amazon.com/images/I/61J9O+jR0GL._AC_UL320_.jpg","https://www.amazon.ca/dp/B0CDXHJ2X9","0.0","0","12.19","0.0","Baby","False","0"
"B08YR2H2T3","Ballmie Cat Toys Ball Soft Crinkle Sparkle Balls Pom Pom Cat Balls Cat Ball (Color Yarn)","https://m.media-amazon.com/images/I/71PuzAWwYfL._AC_UL320_.jpg","https://www.amazon.ca/dp/B08YR2H2T3","4.7","12","23.19","0.0","Cat Supplies","False","0"
"B09JP7CHNC","9 Pack Stainless Steel Round Cake Mousse Mold with Pusher,Small Round Pastry Cake Baking Rings,Round Cake Mold Rings for Home Kitchenware (3.15"" in Diameter)","https://m.media-amazon.com/images/I/613EBxsZd8L._AC_UY218_.jpg","https://www.amazon.ca/dp/B09JP7CHNC","4.5","20","23.99","0.0","Bakeware","False","0"
"B000XDGJQI","Ram Mount Handlebar Mount","https://m.media-amazon.com/images/I/41pW8nP-p1L._AC_UL320_.jpg","https://www.amazon.ca/dp/B000XDGJQI","4.6","510","49.49","0.0","Cycling Equipment","False","0"
"B07DY843D7","True TrueTap Double Hinged Waiter’s Corkscrew, Matte Black Bottle Opener with Foil Cutter, Wine Key 4.75x0.5x1","https://m.media-amazon.com/images/I/610kDUdJgmS._AC_UY218_.jpg","https://www.amazon.ca/dp/B07DY843D7","4.6","1061","8.72","0.0","Home  Kitchen","False","200"
"B09R1MVYLS","Sent Hair Silky Satin Lined Bonnet Hair Cover Bonnet Sleep Cap Slouchy Beanie for Long Curly Hair,Braids,Dreadlocks","https://m.media-amazon.com/images/I/61dAN8FesjL._AC_UL320_.jpg","https://www.amazon.ca/dp/B09R1MVYLS","4.2","217","17.57","0.0","Bath  Body","False","0"
"B09MR59DHV","Bucket Wheel Excavator, Made of Alloy Remote Control Backhoe Loader for Decoration for Kid for Adults for Home","https://m.media-amazon.com/images/I/61CDkaN31DL._AC_UL320_.jpg","https://www.amazon.ca/dp/B09MR59DHV","0.0","0","21.92","0.0","Toy Vehicles","False","0"
"B09WZ6JKN7","Antique Crafts Thickened Qing Silver Coin Xuantong Three Years Wujiao Made Old Silver Dollar #0177","https://m.media-amazon.com/images/I/61PDhl1g-IL._AC_UL320_.jpg","https://www.amazon.ca/dp/B09WZ6JKN7","0.0","0","10.0","0.0","Collectible Toys","False","0"
"B09KX881D2","Speaker Bracket Sound Rack Wooden Rack Floor Small Bookshelf Speaker Rack Multimedia Rack Suitable for Surround Sound and Bookshelf Speakers Speaker Holder (Color : B, Size : 30)","https://m.media-amazon.com/images/I/41ZOQPNE-1L._AC_UL320_.jpg","https://www.amazon.ca/dp/B09KX881D2","0.0","0","381.53","0.0","Home Audio Speakers","False","0"
"B0CFPNJ6JP","Pigment Ink Mixer, ABS and Silicone Micro USB Tattoo Pigment Shaker for Beauty Salons (Green)","https://m.media-amazon.com/images/I/61FbU93SKCL._AC_UL320_.jpg","https://www.amazon.ca/dp/B0CFPNJ6JP","0.0","0","46.29","0.0","Tattooing Supplies","False","0"
"B0CGW4LCT5","SOLUSTRE Suction Cup Hooks Magnetic Eyebolt 2pcs Magnetic Hook Rings Magnetic Hooks Suction Cup Hook Magnet Hooks Magnetic Door Hook Garage Magnetic Hanger","https://m.media-amazon.com/images/I/61XzmoGxPzL._AC_UL320_.jpg","https://www.amazon.ca/dp/B0CGW4LCT5","0.0","0","19.19","0.0","Hardware Hooks","False","0"
"B08TGQBZ6Z","Ryobi OEM 099748001008 Replacement Chain Sprocket","https://m.media-amazon.com/images/I/71v9vVWkj8L._AC_UL320_.jpg","https://www.amazon.ca/dp/B08TGQBZ6Z","0.0","0","17.99","0.0","Cutting Tools","False","0"
"B08KTMF9C9","Ice Skate Edge Blade Sharpener Ball Knife Skate Sharpener Grindstone Grinding Tool","https://m.media-amazon.com/images/I/612TxYOJWFL._AC_UL320_.jpg","https://www.amazon.ca/dp/B08KTMF9C9","1.0","1","12.96","0.0","Snow  Ice Sports","False","0"
"B0CBXKBGV6","Geometric Patterns Privacy Film for Sliding Glass Door, Rainbow Colors Translucent Window Paper Glass Sticker, Multi-Color Classical Print for Glass Door 35.4 in x 78.7 in","https://m.media-amazon.com/images/I/91g-ATTeuQL._AC_UL320_.jpg","https://www.amazon.ca/dp/B0CBXKBGV6","0.0","0","81.34","0.0","Window Hardware","False","0"
"B07HHNHMTW","Luwint Kid Volleyball Arm Sleeves - Long Passing Forearm Sleeves for Teen Youth with Protection Pad and Thumbhole, 1 Pair","https://m.media-amazon.com/images/I/51b7Y6NPwvL._AC_UL320_.jpg","https://www.amazon.ca/dp/B07HHNHMTW","4.4","211","19.99","0.0","Team Sports","False","0"
"B0C9LD5GYP","TheirNear Pink Room Decor for Teen Girls, Cute Unicorn Wall Decor for Bedroom/Girls Room, Nursery Decorations","https://m.media-amazon.com/images/I/81i3bfIj8oL._AC_UL320_.jpg","https://www.amazon.ca/dp/B0C9LD5GYP","0.0","0","19.9","0.0","Nursery Furniture, Bedding  Décor","False","0"
"B0848KV16X","Capri Blue Multipurpose Cleaner - 16 Fl Oz - Volcano","https://m.media-amazon.com/images/I/411Yz0F7llL._AC_UL320_.jpg","https://www.amazon.ca/dp/B0848KV16X","4.6","699","34.99","0.0","Household Cleaning","False","0"
"B09Y3S7RQB","4 carat SOLID 18k GOLD Certified Diamond Necklaces 18"" length + Screw Back Diamond Earrings for women 6.5mm HANDMADE Jewelry Sets Anniversary Daughter Graduation Girlfriend Birthday present for her","https://m.media-amazon.com/images/I/71fN3DPCnZL._AC_UL320_.jpg","https://www.amazon.ca/dp/B09Y3S7RQB","0.0","0","1899.0","0.0","Handmade Jewellery","False","0"
"B0CK7XYX5T","Household Portable LED Projector - Mini High-definition Projector Gift Machine Support 1080p HD Decoding, Supports U Disk, TF, HDMI, and AV Cable Playback","https://m.media-amazon.com/images/I/71gyjnVz6nL._AC_UL320_.jpg","https://www.amazon.ca/dp/B0CK7XYX5T","0.0","0","404.95","0.0","Television Projectors","False","0"
"B0C7YT4F1T","ARFARLY Metal Daybed, Premium Steel Slat Support Sofa Twin Bed Frame with Headboard, Multifunctional Mattress Foundation,Sofa Bed No Box Spring Needed, Black","https://m.media-amazon.com/images/I/815IZupihAL._AC_UY218_.jpg","https://www.amazon.ca/dp/B0C7YT4F1T","4.0","9","180.9","0.0","Furniture","False","0"
"B08NDGMTF3","Sunset Vista Designs for The Birds - 22-Ounce Hanging Hummingbird Feeder, Hummingbird, 27x6x4","https://m.media-amazon.com/images/I/61znSZKf5dL._AC_UL320_.jpg","https://www.amazon.ca/dp/B08NDGMTF3","5.0","1","39.05","0.0","Backyard Birding","False","0"
"B0BX7MF334","APIOLO 2PCS Panel and Plywood Carrier, Plywood Lifting Tool and Drywall Carrying Tool, Panel Gripper by Single Hand for Sheet Board Clamp Drywall Lifter, Clamping Thickness up to 1 inch","https://m.media-amazon.com/images/I/71ziRHvxkNL._AC_UL320_.jpg","https://www.amazon.ca/dp/B0BX7MF334","4.4","11","96.11","0.0","Material Handling","False","0"
"B0CK73DLB1","Christmas Cute Snowmen Gifts Sponge Dish Sponge 3 Pcs Xmas Kitchen Sponge Handy Sponges Cellulose Sponges for Cleaning Kitchen and Household","https://m.media-amazon.com/images/I/81EY6BB6wbL._AC_UL320_.jpg","https://www.amazon.ca/dp/B0CK73DLB1","0.0","0","8.18","0.0","Dishwashing Supplies","False","0"
"B0CBVM94NV","Folding Trolley, Practical 4 Wheels 40KG Load Bearing Folding Trolley Hand Truck Stable for Travelling","https://m.media-amazon.com/images/I/51fnRNzCI0L._AC_UL320_.jpg","https://www.amazon.ca/dp/B0CBVM94NV","0.0","0","86.09","0.0","Material Transport Equipment","False","0"
"B09P8513Z7","Wireless Mouse, Vssoplor 2.4G Slim Portable Computer Mice with Nano Receiver for Notebook, PC, Laptop, Computer-Gold and Black","https://m.media-amazon.com/images/I/51+Hbuke0wL._AC_UL320_.jpg","https://www.amazon.ca/dp/B09P8513Z7","4.6","8614","15.99","0.0","Electronics","False","0"
"B0CJV2L9VV","Hesitroad Trophy for Team Accomplishments 10pcs Mini Trophies Plastic Trophy Award Eye-catching Desktop Ornaments Deserving Recognition Trophy Bronze Coffee B","https://m.media-amazon.com/images/I/71pfgbqDVOL._AC_UL320_.jpg","https://www.amazon.ca/dp/B0CJV2L9VV","0.0","0","3.71","0.0","Awards","False","0"
"B0B5Q4MRRD","Camera NDPL CPL ND32 ND4 ND8 Lens Filter compitable with Mavic ND16 Drone 2 Camera Drone Accessories Holy Stone Hs210 Parts (D, One Size)","https://m.media-amazon.com/images/I/51BMAKxLMBL._AC_UL320_.jpg","https://www.amazon.ca/dp/B0B5Q4MRRD","0.0","0","22.16","0.0","Toy Gardening Equipment","False","0"
"B00R3L9UVY","Salvatore Ferragamo Emozione for Women Eau De Parfum, 1.7 ounces","https://m.media-amazon.com/images/I/614+qkzCUgL._AC_UL320_.jpg","https://www.amazon.ca/dp/B00R3L9UVY","4.6","831","0.0","0.0","Perfume  Cologne","False","0"
"B09XWBQ57Q","Dog Prong Collar,Choke Collar for Dogs Pinch Training Collar,Detachable Adjustable Choke Collar with Comfort Rubber Tips, Metal Adjustable Large Middle Dog Pet Pinch Collar (A, L)","https://m.media-amazon.com/images/I/711w5tUxbDL._AC_UL320_.jpg","https://www.amazon.ca/dp/B09XWBQ57Q","3.9","1140","18.99","0.0","Pet Supplies","True","100"
"B017P3EFB4","HP 727 Designjet Ink Cartridge, 300 ml-Photo Black","https://m.media-amazon.com/images/I/81ka9km3X3S._AC_UL320_.jpg","https://www.amazon.ca/dp/B017P3EFB4","4.6","38","236.9","0.0","Printer Accessories","False","0"
"B0B4SN7942","His and Hers Silver Wedding Rings Couple Matching Wedding Ring Set Personalized 925 Sterling Silver Wedding Ring Set","https://m.media-amazon.com/images/I/51RhSkwciEL._AC_UL320_.jpg","https://www.amazon.ca/dp/B0B4SN7942","0.0","0","89.0","0.0","Handmade Jewellery","False","0"
"B0B4SFVPMH","Jonnick Shoulder Strap Trimmer Strap, Easy Release Blower Strap Universal for Weedeater Leaf Blower, Multi Head System, Weed Eaters Clearance, Compatible with EGO String Trimmer and All Types","https://m.media-amazon.com/images/I/812dlU5wlrL._AC_UL320_.jpg","https://www.amazon.ca/dp/B0B4SFVPMH","4.0","11","14.99","16.99","Outdoor Power  Lawn Equipment","False","0"
"B0CDNX11RZ","Motorcycle Transform,Electric 360 Degree Rotating Stunt Motorcycle Transform - 4 Wheels Motorcycle Toys with LED Light and Music for Kindergarten Nursery Boys Girls Kids Riastvy","https://m.media-amazon.com/images/I/61Ul40dX4OL._AC_UL320_.jpg","https://www.amazon.ca/dp/B0CDNX11RZ","0.0","0","23.07","0.0","Bikes, Scooters  Ride-Ons","False","0"
"B07NXTKYQP","VASAGLE Bookshelf, Storage Cabinet, Bookcase in Living Room, Study, Bedroom, Rustic Brown ULSC75BX","https://m.media-amazon.com/images/I/71nUi48p-iL._AC_UL320_.jpg","https://www.amazon.ca/dp/B07NXTKYQP","4.6","1748","129.99","0.0","Office Products","False","50"
"B00WUDZPSM","3D Light FX Marvel Iron Man Hand 3D-Deco LED Wall Light","https://m.media-amazon.com/images/I/81jhfChOaPL._AC_UL320_.jpg","https://www.amazon.ca/dp/B00WUDZPSM","4.6","1706","56.16","0.0","Nursery Furniture, Bedding  Décor","False","0"
"B07ZTMJVFL","Glitter Cat Ears Headband-a","https://m.media-amazon.com/images/I/61eLPG38U8L._AC_UL320_.jpg","https://www.amazon.ca/dp/B07ZTMJVFL","4.5","30","8.5","12.99","Girls","False","0"
"B07THR5878","tianxiangjiaju Cute Bird-Shaped Automatic Watering Device Indoor Automatic Drip Watering System Indoor Plant Tool Green","https://m.media-amazon.com/images/I/41cW+42r1TL._AC_UL320_.jpg","https://www.amazon.ca/dp/B07THR5878","0.0","0","11.27","0.0","Toy Gardening Equipment","False","0"
"B0CHNPPCMZ","VerddE Plush The Plush The 2 The Movie Plush 12 inch 2 Toys Figure Animals Plush Pillow Collection Tales Knuckles","https://m.media-amazon.com/images/I/514x9nD4nmL._AC_UL320_.jpg","https://www.amazon.ca/dp/B0CHNPPCMZ","0.0","0","39.99","0.0","Stuffed  Plush Animals","False","0"
"B00PBOJM2M","RGBZONE Mini 4 PIN RGB IR LED Controller 24 Keys for SMD 3528 5050 5630 RGB LED Strips DC 5V-24V, Adjust Speed/Brightness/Color/Scene","https://m.media-amazon.com/images/I/61F955l3HTL._AC_UL320_.jpg","https://www.amazon.ca/dp/B00PBOJM2M","4.4","1549","9.59","0.0","Electrical Equipment","False","0"
"B0BJF129GY","Realth Ring Neodymium Disc Magnets with Holes 20 Pack Round Applied Magnets for Crafts Arts Science Project and Automatic Transmission(MT1020)","https://m.media-amazon.com/images/I/71DYgB7bkEL._AC_UL320_.jpg","https://www.amazon.ca/dp/B0BJF129GY","4.7","53","18.99","0.0","Material Handling","False","0"
"B07PJVVPC5","Napoleon Two Stainless Steel Cooking Grids for Prestige PRO™ 500","https://m.media-amazon.com/images/I/71Y-RYJZF-L._AC_UL320_.jpg","https://www.amazon.ca/dp/B07PJVVPC5","4.8","13","199.0","0.0","Outdoor Cooking","False","0"
"B07FLZ8CVW","Malachite 925 Sterling Solid Silver Handmade Ring Size 4 to 13 US","https://m.media-amazon.com/images/I/61flcswQR3L._AC_UL320_.jpg","https://www.amazon.ca/dp/B07FLZ8CVW","0.0","0","35.0","0.0","Handmade Beauty  Grooming Products","False","0"
"B0BYRZBBQH","5/10/50 M2, 5 Φ, GB862.2, DIN6798A, A2, 304, нержавеющая сталь, Φ, зубчатая прокладка шайбы (Внутренний диаметр: 10pcs M12)","https://m.media-amazon.com/images/I/41VMhvt2GdL._AC_UL320_.jpg","https://www.amazon.ca/dp/B0BYRZBBQH","0.0","0","14.59","0.0","Memory Cards","False","0"
"B0CC1C28KT","DVD Player, HiFi Video Player","https://m.media-amazon.com/images/I/61ohTcf8IPL._AC_UL320_.jpg","https://www.amazon.ca/dp/B0CC1C28KT","0.0","0","0.0","0.0","DVD Players  Recorders","False","0"
"B0C668SPTB","VRAIKO GemGlow Jade Roller & Gua Sha Device, All-in-1 Face Roller Gua Sha Facial Tools, Face Massager with Thermal Therapy for Muscle Relaxation Relieve Fine Lines and Wrinkles (Rose Quartz)","https://m.media-amazon.com/images/I/71ye0JeIAkL._AC_UL320_.jpg","https://www.amazon.ca/dp/B0C668SPTB","4.0","15","34.99","0.0","Beauty Tools  Accessories","False","0"
"B0CBHFFPF9","3D Pen Filament Refills 3D Printer Filament Refills10 Colour Array ，High-Precision Diameter No Clog Filament Refill Safe for Kids(Each 5meter/16.4ft)","https://m.media-amazon.com/images/I/71NGYaY4BML._AC_UL320_.jpg","https://www.amazon.ca/dp/B0CBHFFPF9","0.0","0","10.87","0.0","3D Printing  Scanning","False","0"
"B005HV50HK","Men's Elastic Insert Work Pant","https://m.media-amazon.com/images/I/71a3b9BAbsL._AC_UL320_.jpg","https://www.amazon.ca/dp/B005HV50HK","4.2","1986","33.13","0.0","Men","False","0"
"B0C3D5NG87","Body Hair Trimmer for Men, CIICII Mens Body Groomer, Electric Pubic/Balls/Groin/Beard Trimmer for Men (7Pcs Rechargeable, SkinSafe Ceramic Blade Heads, LCD Display, Waterproof Cordless Clippers","https://m.media-amazon.com/images/I/71HfcyMCREL._AC_UL320_.jpg","https://www.amazon.ca/dp/B0C3D5NG87","3.8","34","24.98","0.0","Beauty","False","50"
"B0BW9M1CWT","Womens Digital Watch Girls Watches - Stylish Lady Wristwatch with PU Leather Band, Round Wrist Watches Easy Reading for Teen Girls Ladies Boys Digital Watch","https://m.media-amazon.com/images/I/613H-7QP2SL._AC_UL320_.jpg","https://www.amazon.ca/dp/B0BW9M1CWT","0.0","0","11.75","0.0","Women's Watches","False","0"
"B09XN6CFXN","Panasonic Toughbook 54, CF-54 MK2, Intel Core i5-6300U 2.40GHz, 14in HD, Non-Touchscreen, 512GB SSD, 8GB, Wi-fi, Bluetooth, 4G LTE, Backlit Keyboard, Webcam, DVD, Windows 10 Pro (Renewed)","https://m.media-amazon.com/images/I/61kknjEux3L._AC_UL320_.jpg","https://www.amazon.ca/dp/B09XN6CFXN","0.0","0","1137.5","0.0","Laptop Computers","False","0"
"B08B1JVNX1","Mavis Laven Sponge Head 2 Types 10pcs Replaceable Sponge Head For Glitter Powder Dotting Pen Brush Nail Art Tool(Round Head)","https://m.media-amazon.com/images/I/51I1JhdxICL._AC_UL320_.jpg","https://www.amazon.ca/dp/B08B1JVNX1","0.0","0","7.43","0.0","Nail Polish  Nail Decoration Products","False","0"
"B0CF536H2W","Engine Maintenance Agent, Oilproof Car Agent 50ml Coating Solution Wear-Resistant, Car Accessories Harmless Engine Agent No Damage Prolong Service Life Bavokon","https://m.media-amazon.com/images/I/71wSvgaxfjL._AC_UL320_.jpg","https://www.amazon.ca/dp/B0CF536H2W","0.0","0","0.0","0.0","Oils  Fluids","False","0"
"B09NVV19P4","Bsigo Smart Coffee Mug Warmer Set for Home Office Desk Use, 5.9'' Electric Tea Cup Warmer with 3-Temperature Settings (Up to 180F/80C), 36 Watt, Auto Shut Off, Cute Ceramic Cat Mug with Lid, 16 oz","https://m.media-amazon.com/images/I/61O2CQQac0L._AC_UL320_.jpg","https://www.amazon.ca/dp/B09NVV19P4","4.6","192","82.88","0.0","USB Gadgets","False","0"
"B0CCXYHT5T","ULTECHNOVO Varillas De Radiestesia 1 Set Ruler p_b0b19z89q8 Water dowsing Brass Dowsing Rod Detection Stick Pressure Rod Dowsing Rods Copper","https://m.media-amazon.com/images/I/71WFaiYuweL._AC_UL320_.jpg","https://www.amazon.ca/dp/B0CCXYHT5T","0.0","0","49.69","0.0","Industrial Materials","False","0"
"B0BQWZL98C","Cosco Funsport Plus Playard - Torn Triangle, 1.0 Count","https://m.media-amazon.com/images/I/61tAx8sFtAL._AC_UY218_.jpg","https://www.amazon.ca/dp/B0BQWZL98C","4.0","13","119.99","0.0","Furniture","False","50"
"B099F8XJRV","Potted Plant Display Stands Modern Wood Plant Stand Multi Layer Plant Shelf Balcony Flower Stand for Balcony Easy Assembly,Brown","https://m.media-amazon.com/images/I/51yr+y5HVsS._AC_UL320_.jpg","https://www.amazon.ca/dp/B099F8XJRV","0.0","0","0.0","0.0","Fresh Flowers  Indoor Plants","False","0"
"B0B3GR874M","Handmade in Canada - Silver Heart Charm Chain Bracelet - Non Tarnish - Stainless Steel - Hypoallergenic - Unique Gift for Her - Women's Layering Jewelry - Minimalist - Handcrafted Artisan Made","https://m.media-amazon.com/images/I/71dQLn3lpPL._AC_UL320_.jpg","https://www.amazon.ca/dp/B0B3GR874M","0.0","0","16.0","0.0","Handmade in Canada","False","0"
"B0CGTYD5CY","ULTECHNOVO Mirror Hooks 2pcs 2 Glass Suction Cup Glass Moving Suction Glass Gripper Glass Suction Gripper auto Tools car","https://m.media-amazon.com/images/I/51Uec7chmuL._AC_UL320_.jpg","https://www.amazon.ca/dp/B0CGTYD5CY","0.0","0","56.43","0.0","Ladders","False","0"
"B0BZ7HVXKM","Mesen Espresso Coffee Stirrer, 6 Needles Espresso Stirrer with Natural Wood Handle, Espresso Accessories Coffee Stirrer, for Espresso Stirring Distribution","https://m.media-amazon.com/images/I/71lZUxf-WOL._AC_UY218_.jpg","https://www.amazon.ca/dp/B0BZ7HVXKM","4.0","33","11.99","0.0","Kitchen  Dining","False","50"
"B0CDXMF7JJ","Bumper Balls, Inflatable Bumper Bubble Soccer Ball, Human Hamster Knocker Body Zorb Ball for Backyard Park Beach Team Gaming Play, Fits for Kids & Adults of All Ages (Red)","https://m.media-amazon.com/images/I/61GaSdTI9FL._AC_UL320_.jpg","https://www.amazon.ca/dp/B0CDXMF7JJ","0.0","0","56.09","0.0","Toy Sports Equipment","False","0"
"B0CBGZ59BR","Cat Gift for Pet Lovers Animal Sleeping on Man s Head Quote 12oz Enamel Silver Mug","https://m.media-amazon.com/images/I/71wwSNde3gL._AC_UL320_.jpg","https://www.amazon.ca/dp/B0CBGZ59BR","0.0","0","24.69","0.0","Handmade Kitchen  Dining","False","0"
"B07SZ1ZC88","Mens Marvel Hero Elite BJJ Fight Shorts","https://m.media-amazon.com/images/I/71P+iNbUD9L._AC_UL320_.jpg","https://www.amazon.ca/dp/B07SZ1ZC88","4.7","281","99.99","0.0","Men's Clothing","False","0"
"B0BZYZHHSF","DIY Book Nook Kit, DIY Dollhouse Book Nook Bookshelf Insert Decor, 3D Wooden Miniature Book Stand Puzzle, Bookends Model Building Kits with LED for Kids Adults Home Décor","https://m.media-amazon.com/images/I/61GuRzbEDWL._AC_UL320_.jpg","https://www.amazon.ca/dp/B0BZYZHHSF","0.0","0","27.99","0.0","Dolls  Accessories","False","0"
"B00M6XTONI","Tork RB800 Advanced Single-Ply Hand Roll Towel, White","https://m.media-amazon.com/images/I/71CwUCiosoL._AC_UL320_.jpg","https://www.amazon.ca/dp/B00M6XTONI","4.4","122","98.71","0.0","Paper  Plastic Household Supplies","False","0"
"B09XFGLJNL","ZSQHD Swimsuit Women's Sexy Three-Point Big Breasts hot Spring Swimsuit Split Two-Piece Sexy Gathered Bikini (Color : Red, Size : X-Large)","https://m.media-amazon.com/images/I/41EP+QUYM-L._AC_UL320_.jpg","https://www.amazon.ca/dp/B09XFGLJNL","0.0","0","270.41","0.0","Fresh Flowers  Indoor Plants","False","0"
"B09ND5Z6N3","USB C Charger, INIU 30W PD3.0 Fast Charging Wall Charger Adapter, Mini Charger Block Compatible with iPhone 15 14 13 Pro Max 12 11 X Samsung S22 S21 Note 20 Tablet iPad Airpods Google Pixel LG Switch","https://m.media-amazon.com/images/I/51IGlWjuCEL._AC_UL320_.jpg","https://www.amazon.ca/dp/B09ND5Z6N3","4.5","140","14.99","16.99","Electronics","False","0"
"B0C4F666QN","Vaveren Wooden Rainbow Abacus for Toddlers, Wooden Montessori Abacus Toy, 2 in 1 Rainbow Counting Beads Frame, for Intelligence Game Gift Nursery Decor, pink","https://m.media-amazon.com/images/I/61MtSzJ--EL._AC_UL320_.jpg","https://www.amazon.ca/dp/B0C4F666QN","0.0","0","26.49","0.0","Baby  Toddler Toys","False","0"
"B09XZKFYSK","Fahy Irish Coat of Arms Disk Pendant","https://m.media-amazon.com/images/I/71lqwBbx1mL._AC_UL320_.jpg","https://www.amazon.ca/dp/B09XZKFYSK","0.0","0","39.98","0.0","Handmade Jewellery","False","0"
"B07ZM7RHLN","(Shower Squeegee) - Stainless Steel Shower Squeegee - Glass Window Clean Accessories Rubber Wiper Rustproof Portable Hand Held Cleaning Tool with Matching Suction Cup Hook Holder - Door Tile Wall Bathroom Mirror Kitchen","https://m.media-amazon.com/images/I/61PLqNOstlS._AC_UL320_.jpg","https://www.amazon.ca/dp/B07ZM7RHLN","5.0","1","20.25","26.37","Household Cleaning Tools","False","0"
"B0BQ72P4CY","NOLITOY Evil Eye Jewelry Dish for Women, Hamsa Evil Eye Hand Trinket Dish Ceramic Trinket Plate Small Jewelry Tray Blessing Gift","https://m.media-amazon.com/images/I/71kA9CWzNGL._AC_UL320_.jpg","https://www.amazon.ca/dp/B0BQ72P4CY","0.0","0","26.29","0.0","Shoe, Jewelry  Watch Accessories","False","0"
"B09X33M38V","MoKo Case Compatible with Amazon All-New Kindle Fire 7 Tablet (2022 Release-12th Generation) Latest Model 7"" - Slim Folding Stand Cover with Auto Wake/Sleep, Black (P840034692525)","https://m.media-amazon.com/images/I/81Qf8TsuvmL._AC_UL320_.jpg","https://www.amazon.ca/dp/B09X33M38V","4.3","381","16.99","0.0","Tablet Accessories","False","0"
"B0CJQVZVCX","Kids Tent Indoor | Reading Nook Indoor Playhouse Play Tent,Foldable Kids Tent, Outdoor Play Tent Toys House, Room Decor for Kids Indoor Outdoor Games Lencyh","https://m.media-amazon.com/images/I/61f9fjjlWaL._AC_UL320_.jpg","https://www.amazon.ca/dp/B0CJQVZVCX","0.0","0","45.59","0.0","Kids' Play Tents  Tunnels","False","0"
"B0C28HSW5F","Cello ColourUp डिज्नी राजकुमारी तेल पेस्टल (60 रंगों) | तेल पेस्टल | डिज्नी राजकुमारी थीम्ड रंग पैक | लड़कियों के लिए उपहार | क्रेयॉन रंग सेट | नि: शुल्क पॉप अप गतिविधि अंदर","https://m.media-amazon.com/images/I/61s9JEQSZKL._AC_UL320_.jpg","https://www.amazon.ca/dp/B0C28HSW5F","0.0","6","0.0","0.0","Office Products","False","0"
"B09M62BY34","Keyboard Cover for Dell Precision 7550 7560 7750 7760 15.6 17.3 Inch Laptop, Dell Precision 7000 Laptop Accessories Protective Keyboard Cover Skin-Black","https://m.media-amazon.com/images/I/71NzP5ksmfL._AC_UL320_.jpg","https://www.amazon.ca/dp/B09M62BY34","3.7","21","12.87","0.0","Keyboards, Mice  Input Devices","False","0"
"B0CGK2BRX6","BESTOYARD Clothes Rack 4 pcs Over Door Clothes Hanger Rack Shoes Hangers Over Door Coat Hook Storage Rack Iron gate Wooden Coat Hooks","https://m.media-amazon.com/images/I/416yOnZOjAL._AC_UL320_.jpg","https://www.amazon.ca/dp/B0CGK2BRX6","0.0","0","20.66","0.0","Hardware Hooks","False","0"
"B0CB1V632B","Occus WD60EZRX HDD PCB 2060-800001-002 REV P1 / 800001-902 800001-202 2060-800001-004 2060-800001-000 - (Specification: 2060-800001-002)","https://m.media-amazon.com/images/I/616ysE2DO0L._AC_UL320_.jpg","https://www.amazon.ca/dp/B0CB1V632B","0.0","0","0.0","0.0","Data Storage","False","0"
"B0C746M4B7","Bouncy Castles Inflatable Castle Indoor and Outdoor Trampoline Children Slide Slide Kindergarten Air Bed Castle Inflatables Bouncy Castles A","https://m.media-amazon.com/images/I/61a1jC9HezL._AC_UL320_.jpg","https://www.amazon.ca/dp/B0C746M4B7","0.0","0","7982.19","0.0","Children's Outdoor Inflatable Bouncers  Bouncy Castles","False","0"
"B0BWXS8DWJ","Kite for Outdoor Rainbow Kite for Kids and Adults Easy to Fly for Outdoor Games and Activities,Easy to Assemble with Tail Huge Kite-Colorful Easy to Fly Kites Gift (Color : Triangle, Size : 100M)","https://m.media-amazon.com/images/I/51Gt3Ob77gS._AC_UL320_.jpg","https://www.amazon.ca/dp/B0BWXS8DWJ","0.0","0","87.26","0.0","Kites  Wind Spinners","False","0"
"B0BLRDK9ML","Modern Alarm Clock - Laser Engraved Wood Clock - Analog - No Ticking - Anniversary Gift - Established - Monogram - Initials - Couple Gift","https://m.media-amazon.com/images/I/71OG0CUpztL._AC_UL320_.jpg","https://www.amazon.ca/dp/B0BLRDK9ML","0.0","0","65.0","0.0","Handmade Home Décor","False","0"
"B0CHYY2D12","TAMOSH Cinema Projector,Portable Cardboard SmartPhone Projector for Family/ Party/ Birthday Etc.Home Theater Audio Projector","https://m.media-amazon.com/images/I/41zwAZomK5S._AC_UL320_.jpg","https://www.amazon.ca/dp/B0CHYY2D12","0.0","0","0.0","0.0","Television Projectors","False","0"
"B08VDZYCHV","1 Pair Laigoo Soft Close Drawer Slides 16 Inch, Heavy Duty Drawer Slides, Dual Springs with Ball Bearing Cabinet Drawers Slides","https://m.media-amazon.com/images/I/612CXPmV6OL._AC_UL320_.jpg","https://www.amazon.ca/dp/B08VDZYCHV","3.7","117","21.99","0.0","Cabinet Hardware","False","0"
"B0BGCKV6QL","Leather carving Wallet. RickandMortywallet, Custom RickandMortyStyle, 3D Genuine Leather Wallet, Hand Carved, Leather Carving, Carving Wallet","https://m.media-amazon.com/images/I/51zHAlhWncL._AC_UL320_.jpg","https://www.amazon.ca/dp/B0BGCKV6QL","0.0","0","146.99","0.0","Handmade Clothing, Shoes  Accessories","False","0"
"B074DZ65J3","Amazon Basics Cast Iron Hex Dumbbell Weight","https://m.media-amazon.com/images/I/81EeaBAdbiL._AC_UL320_.jpg","https://www.amazon.ca/dp/B074DZ65J3","4.6","44625","21.76","0.0","Sports  Outdoors","False","600"
"B0CCNDQDCK","SEASD USB Rechargeable Fingerprint Padlock Smart Press Lock Metal ligent Keyless for Gym Locker Door Luggage Case Bag","https://m.media-amazon.com/images/I/51aiX86nuTL._AC_UL320_.jpg","https://www.amazon.ca/dp/B0CCNDQDCK","0.0","0","0.0","0.0","Locks  Hasps","False","0"
"B0C99VYRB6","WHAMVOX 4pcs 3 Stainless Steel Shelf Wall Mounted Hardware Brackets L Brackets Heavy Duty DIY Floating Shelf Bracket Hidden Shelf Bracket Shelf Brackets Hardware Bracket Stainless Board","https://m.media-amazon.com/images/I/41NdO-LrygL._AC_UL320_.jpg","https://www.amazon.ca/dp/B0C99VYRB6","0.0","0","12.73","0.0","Shelf Brackets  Supports","False","0"
"B08394W1LK","Anley Canvas Wall Banners - Blank Fabric Badge & Wooden Dowel & Pre-Tied String - Decorative DIY Plaque, Display for Indoors, Baby Shower, Wedding, Graduation(2Pcs)","https://m.media-amazon.com/images/I/71nu1oZNIaL._AC_UL320_.jpg","https://www.amazon.ca/dp/B08394W1LK","4.7","350","18.75","0.0","Stationery  Party Supplies","False","0"
"B018J0SM52","Dr. Christopher's Formulas Complete Tissue and Bone Massage Oil, 4 Ounce by Dr. Christopher's Formulas","https://m.media-amazon.com/images/I/41rxYajxDUL._AC_UL320_.jpg","https://www.amazon.ca/dp/B018J0SM52","0.0","0","29.98","0.0","Sex  Sensuality Products","False","0"
"B0BQC9W4N8","Exfoliating Glove, 2 Pcs Lovely Elephant Bath Scrub Wash Mitts for Dead Skin Cell Remover, Deep Exfoliation Scrubber, Bath (Green, Yellow)","https://m.media-amazon.com/images/I/71UcyLDRoAL._AC_UL320_.jpg","https://www.amazon.ca/dp/B0BQC9W4N8","0.0","0","9.99","0.0","Bath  Body","False","0"
"B0BQYPHWWH","Seeds 50pcs Misto Astrophytum Cactus Flores Succulente Piante Bonsai plantas per le piante in Vaso giardino Della casa raro Fiore Fico d'India: 9","https://m.media-amazon.com/images/I/61a45ec54HL._AC_UL320_.jpg","https://www.amazon.ca/dp/B0BQYPHWWH","0.0","0","16.5","0.0","Fresh Flowers  Indoor Plants","False","0"
"B0C614489W","Lvtrupc Vintage Hobnail Drinking Glasses Set of 12-14 oz Old Fashioned Water Glass Cups & 11 oz Cocktail Glasses, Aesthetic Kitchen Bar Tumbler Glassware Gifts Sets for Smoothie, Juice, Coffee, Wine","https://m.media-amazon.com/images/I/81Rzv+axkyL._AC_UL320_.jpg","https://www.amazon.ca/dp/B0C614489W","5.0","27","172.49","0.0","Vision Care Products","False","0"
"B000WH2ILU","2 Free Cut Cards + KEM Arrow Red Blue Playing Cards Poker Size Regular Index","https://m.media-amazon.com/images/I/71SlONNzdpL._AC_UL320_.jpg","https://www.amazon.ca/dp/B000WH2ILU","3.7","9","70.0","0.0","Games  Accessories","False","0"
"B08PNP3CY7","Bracwiser Monitor Stand Riser, Metal Computer Stand, 3 Height Adjustable Screen Riser with Mesh Platform for PS4, Laptop, Printer, Notebook and All Flat Screen, Holds Up to 20KG","https://m.media-amazon.com/images/I/515JBbBzP2L._AC_UL320_.jpg","https://www.amazon.ca/dp/B08PNP3CY7","4.7","691","20.99","0.0","Electronics","False","400"
"B00598KA94","INOVART 1300 Scratch Board","https://m.media-amazon.com/images/I/81F+ZM3sxeL._AC_UL320_.jpg","https://www.amazon.ca/dp/B00598KA94","3.4","15","15.71","0.0","Arts  Crafts Supplies","False","0"
"B0CG385F55","Pet Window Screen Replacement, Adjustable Fly Screen,Self-Adhesive，48x76cm(18.9""x29.9"") Adjustable Window Screen Kit，Fitted to Multiple Windows，Black","https://m.media-amazon.com/images/I/61lVNz5MeCL._AC_UL320_.jpg","https://www.amazon.ca/dp/B0CG385F55","0.0","0","56.99","0.0","Window Hardware","False","0"
"B07GF8FQRK","Penyeah Stylus Pen, 4 in 1 Disc Stylus Pens for Touch Screens, High Precision and Sensitivity Universal Capacitive Stylus, Stylist for Tablets,iPhone,iPad,Laptops with 4 Replacement Tips - Black","https://m.media-amazon.com/images/I/61IXqmLp0bL._AC_UL320_.jpg","https://www.amazon.ca/dp/B07GF8FQRK","4.4","9259","17.99","0.0","Electronics","False","0"
"B00BXSWD9O","Garbage Bin Security Locking Device","https://m.media-amazon.com/images/I/51zJbwzK2fL._AC_UL320_.jpg","https://www.amazon.ca/dp/B00BXSWD9O","5.0","4","21.99","0.0","Locks  Hasps","False","0"
"B00PDSL3FK","TRENDnet VDV and USB Cable Tester TC-NT3","https://m.media-amazon.com/images/I/61YaMY+FDWL._AC_UL320_.jpg","https://www.amazon.ca/dp/B00PDSL3FK","4.3","118","108.64","0.0","Computer Audio  Video Accessories","False","0"
"B0CJTBXR1J","Receipt Thermal Printer, Plastic 2in Ticket Thermal Printer for Restaurant","https://m.media-amazon.com/images/I/61nZtWocaIL._AC_UL320_.jpg","https://www.amazon.ca/dp/B0CJTBXR1J","0.0","0","37.09","0.0","Printers","False","0"
"B0CBB559YM","About Eat Sleep Hunt Ducks Repeat Graphic Gift for Hunting Lovers Duck Fans 11oz 15oz Black Coffee Mug","https://m.media-amazon.com/images/I/618umoQIPxL._AC_UL320_.jpg","https://www.amazon.ca/dp/B0CBB559YM","0.0","0","30.64","0.0","Handmade Kitchen  Dining","False","0"
"B0B1VTG9GG","Painless Crystal Hair Eraser Removal, Portable Hairo Epilator Exfoliating Tool for Women & Men, Harmless Soft Fast to Clean the Dead Skin and Hair of Legs & Arms & Beard Armpit (Pink 1 Pack Removal Depilatories)","https://m.media-amazon.com/images/I/31Vk6DdMyGL._AC_UL320_.jpg","https://www.amazon.ca/dp/B0B1VTG9GG","3.2","5","13.99","0.0","Shaving  Hair Removal Products","False","0"
"B0C62922GX","Aprilsoul Patio 5ft Wx3ft All-Weather Storage Shed Garden Shed, Metal Lean-to Storage Shed with Lockable Door, Upgrade Tool Cabinet,for Backyard, Lawn, Garden, Gray","https://m.media-amazon.com/images/I/81+HCFudhcL._AC_UL320_.jpg","https://www.amazon.ca/dp/B0C62922GX","0.0","0","1005.55","0.0","Outdoor Storage  Housing","False","0"
"B0C9DM1NLK","6.5 Inch Audio Midrange Bass HiFi Speakers 120 Magnetic 60W 30 Core Woofer Music Loudspeaker for Bookshelf Home Theater(8 Ohm Speaker)","https://m.media-amazon.com/images/I/51z1x7aDIiL._AC_UL320_.jpg","https://www.amazon.ca/dp/B0C9DM1NLK","0.0","0","333.05","0.0","Home Audio Speakers","False","0"
"B0CJVBKJNY","Laser Lens Optical Pick Ups, Aluminum Alloy Lens Optical Pick Ups Visible Light Band Quick Reading CD Player Head with Bracket, Line Lasers (for Marantz SACD Laser Head, for SCD","https://m.media-amazon.com/images/I/61aO9Mwn3yL._AC_UL320_.jpg","https://www.amazon.ca/dp/B0CJVBKJNY","0.0","0","47.79","0.0","Computer Uninterrupted Power Supply","False","0"
"B000NW6VUS","ACDelco 131-163 GM Original Equipment Engine Coolant Thermostat","https://m.media-amazon.com/images/I/71eyG1IJDNL._AC_UL320_.jpg","https://www.amazon.ca/dp/B000NW6VUS","4.7","492","64.46","0.0","Automotive Replacement Parts","False","0"
"B0B49NZMX8","Casioak MOD Kit For GA2100 GAB2100 GA-2100 GA-2110 Watch Modification Accessories Metal Watch Case And Bracelet 316 Stainless Steel Watchband And Bezel","https://m.media-amazon.com/images/I/71M4A0q15ZL._AC_UL320_.jpg","https://www.amazon.ca/dp/B0B49NZMX8","4.7","4","163.93","0.0","Men's Watches","False","0"
"B0C94Z8FXG","PATIKIL 1 Inch x 50 Feet Natural Twisted Cotton Rope 3 Strand Strong Thick Cotton Rope Tug of War Rope for Railings Crafts Games Home Decor, Red White","https://m.media-amazon.com/images/I/81LC0BFjcbL._AC_UL320_.jpg","https://www.amazon.ca/dp/B0C94Z8FXG","0.0","0","67.99","0.0","Tarps  Tie-Downs","False","0"
"B0CB8GQ5YD","Eat Sleep March Repeat Flip Open Cigarette Case for Women Men Plastic Cigarette Box Holder Pocket Cigarettes Storage Container","https://m.media-amazon.com/images/I/61LrNndJqeL._AC_UL320_.jpg","https://www.amazon.ca/dp/B0CB8GQ5YD","0.0","0","18.99","0.0","Cigarette Lighters","False","0"
"B08LQP98NM","Crayola Frozen Coloring Book, 96pg","https://m.media-amazon.com/images/I/91WAs84GanL._AC_UL320_.jpg","https://www.amazon.ca/dp/B08LQP98NM","4.7","727","18.99","0.0","Arts  Crafts Supplies","False","0"
"B09BJR4QP2","Men?s Infrared Energy Bracelet, Lymph Drainage Tiger Eye Triple Bracelet, Men Steel Hard Triple Infrared Bracelet, Triple Stone Powered Bracelet, 8/10mm Beads (3pcs,10mm)","https://m.media-amazon.com/images/I/716UfmZk5fL._AC_UL320_.jpg","https://www.amazon.ca/dp/B09BJR4QP2","3.6","22","18.36","0.0","Wellness","False","0"
"B08GPGFNF1","Women's Soft Faux Leather Tote Shoulder Bag Big Capacity Tassel Handbag","https://m.media-amazon.com/images/I/6134syov81L._AC_UL320_.jpg","https://www.amazon.ca/dp/B08GPGFNF1","3.9","59407","28.58","0.0","Luggage  Travel Gear","False","0"
"B0BJD1QX3B","Mexican Rebozo Santa María del Río","https://m.media-amazon.com/images/I/719FYwEcE9L._AC_UL320_.jpg","https://www.amazon.ca/dp/B0BJD1QX3B","0.0","0","198.0","0.0","Handmade Clothing, Shoes  Accessories","False","0"
"B0CJZ7SJD5","Abaodam Pull Water Toy Water Soaker Toy Toddler Summer Water Toys Fireman Backpack Water Shooter Kids","https://m.media-amazon.com/images/I/51P1TAih3pL._AC_UL320_.jpg","https://www.amazon.ca/dp/B0CJZ7SJD5","0.0","0","14.64","0.0","Swimming Pool  Outdoor Water Toys","False","0"
"B09PKK3KZW","Laundry Ball, Washing Machine Balls Eco-Friendly Laundry Ball Eliminate Molds Cleaning Ball Safe with Ceramic Particle for Home Use for Clean Clothes(White)","https://m.media-amazon.com/images/I/51BGB5kn1SL._AC_UL320_.jpg","https://www.amazon.ca/dp/B09PKK3KZW","0.0","0","12.29","0.0","Laundry Supplies","False","0"
"B01N43T4IV","Pentosin 1058206 ATF-1 Synthetic AutomotiveTransmission Fluid, 5 Liter by Pentosin","https://m.media-amazon.com/images/I/41-4ibXTmTL._AC_UL320_.jpg","https://www.amazon.ca/dp/B01N43T4IV","0.0","0","154.99","0.0","Oils  Fluids","False","0"
"B0CKS53LNR","M.2 SSD Enclosure, 10Gbps High Compatibility Aluminium Alloy Nvme M.2 Enclosure USB 3.2 Gen2 for Windows 8","https://m.media-amazon.com/images/I/614HhnnIMYL._AC_UL320_.jpg","https://www.amazon.ca/dp/B0CKS53LNR","0.0","0","27.69","0.0","Computer Hard Drive Accessories","False","0"
"B0BYNDJX59","Beach Kite Beach Giant Kites，Ripstop Fun Flying Soft Panda Software Kite，Tail Weather Vane Children Toys，Cartoon Inflatable Kites Kite Toys (Color : 225cm)","https://m.media-amazon.com/images/I/51lGDmVQrlL._AC_UL320_.jpg","https://www.amazon.ca/dp/B0BYNDJX59","0.0","0","698.98","0.0","Kites  Wind Spinners","False","0"
"B0731TTJ7W","Bachmann Industries Scene Scapes - Grass Mat - Meadow (50"" x 34"") - for Use with All Scales","https://m.media-amazon.com/images/I/71ZYG3h0F7L._AC_UL320_.jpg","https://www.amazon.ca/dp/B0731TTJ7W","4.0","54","23.04","0.0","Hobbies","False","0"
"B0BDLNX5CS","Cryspool Pool Filter Type B Compatible with 29005E Easy Set Swimming Pool Filter, 3 Pack","https://m.media-amazon.com/images/I/81Y+e09ls1L._AC_UL320_.jpg","https://www.amazon.ca/dp/B0BDLNX5CS","4.7","35","38.07","0.0","Pools, Hot Tubs  Supplies","False","0"
"B0CKLWGV8D","FELTECHELECTR 2pcs Sequined Beach Ball Inflatable Balls for Kids Summer Toys Beach Toys Sequin Beach Ball","https://m.media-amazon.com/images/I/71HxJR7ShhL._AC_UL320_.jpg","https://www.amazon.ca/dp/B0CKLWGV8D","0.0","0","0.0","0.0","Swimming Pool  Outdoor Water Toys","False","0"
"B0BRPLY9SS","Friendship Avocado Heart Necklace Gifts for 2 Best Friend Matching Couple Necklaces for Women Men Fruit Relationship Necklace Christrmas Birthday Gift for Girlfriend Daughter","https://m.media-amazon.com/images/I/51qBxLhfP2L._AC_UL320_.jpg","https://www.amazon.ca/dp/B0BRPLY9SS","0.0","0","5.9","9.99","Men's Jewelry","False","0"
"B0C9WM326V","Touch Up Paint for Cars (White), Two-in-One Car Paint Scratch Repair, Automotive Touch Up Paint Pen with Instruction Manual, Quick and Easy Solution to Repair Car Paint Scratches","https://m.media-amazon.com/images/I/811K-Fij3LL._AC_UL320_.jpg","https://www.amazon.ca/dp/B0C9WM326V","3.7","10","27.73","0.0","Paint, Body  Trim Products","False","0"
"B0C58VTHKK","Bowling Blue Bubble Toilet Bowl Cleaner, Blue Bubble Household Toilet Cleaner, Bowling Ball Cleaner, Automatic Toilet Cleaner for Deodorizing & Descaling (3PCS)","https://m.media-amazon.com/images/I/61qc3SdrtxL._AC_UL320_.jpg","https://www.amazon.ca/dp/B0C58VTHKK","0.0","0","0.0","0.0","Household Cleaning","False","0"
"B013G4BXZ2","CableCreation Displayport to VGA Cable 6FT, Displayport to VGA Adapter Gold Plated 1080P@60Hz, Standard DP Male to VGA Male Cable, Compatible with Laptop, PC, TV, Projector, Black","https://m.media-amazon.com/images/I/61p1tW2uifS._AC_UL320_.jpg","https://www.amazon.ca/dp/B013G4BXZ2","4.6","3783","16.99","18.99","Computer Accessories","False","0"
"B00C6PYAVM","Disney Planes Racing Dusty Crophopper Diecast Aircraft","https://m.media-amazon.com/images/I/61SHJ3b8jFL._AC_UL320_.jpg","https://www.amazon.ca/dp/B00C6PYAVM","4.3","463","170.36","0.0","Toy Vehicles","False","0"
"B08KTWT929","Trends International NFL Minnesota Vikings - Drip Helmet 20 Wall Poster, Unframed Version, 22.375"" x 34""","https://m.media-amazon.com/images/I/81V3PewLiwL._AC_UL320_.jpg","https://www.amazon.ca/dp/B08KTWT929","4.6","175","16.99","0.0","Sports Fan Shop","False","0"
"B08QTXMJ1N","3/8-16 x 2"" Carriage Bolts Set Round Head Square Neck Screws with Nuts and Washers, Stainless Steel 18-8 (304), 5 Sets","https://m.media-amazon.com/images/I/61bOMYhGoBL._AC_UL320_.jpg","https://www.amazon.ca/dp/B08QTXMJ1N","4.6","110","22.29","0.0","Fasteners","False","0"
"B00DUVPQ1E","Ozone womens Mid Zone Sock 2 Pack","https://m.media-amazon.com/images/I/61Yog9e05WL._AC_UL320_.jpg","https://www.amazon.ca/dp/B00DUVPQ1E","4.2","44","19.19","0.0","Cycling Equipment","False","0"
"B0B1DFJ1MW","FRAMNG 2 Pack Dog Tie Out Cable Reflective Tie-Out Cable, 10ft Steel Wire Rope for Dogs Up to 80 Pound, Heavy-Duty Dog Runner Tie Out Cable, Dog Lead Line for Yard, Camping, Outside (3 Meter)","https://m.media-amazon.com/images/I/61-S3v8X7NL._AC_UL320_.jpg","https://www.amazon.ca/dp/B0B1DFJ1MW","4.0","29","18.88","0.0","Dog Supplies","False","0"
"B08ZK7HNN2","Shower Cap Waterproof Shower Cap Shower Cap For Women Satin Bonnet Kitchen Fume Cap With Eva Shower Cap Reusable Medium Size 4 Pieces (Green-Purple-Rainbow Pink Blue)","https://m.media-amazon.com/images/I/71BLRiBSNmL._AC_UL320_.jpg","https://www.amazon.ca/dp/B08ZK7HNN2","0.0","0","16.85","0.0","Bath  Body","False","0"
"B07V3S94KY","BENECREAT 240-Feet 0.015inch (0.38mm) 7-Strand Bead String Wire Nylon Coated Stainless Steel Wire for Necklace Bracelet Beading Craft Work","https://m.media-amazon.com/images/I/61bH4ig6h4L._AC_UY218_.jpg","https://www.amazon.ca/dp/B07V3S94KY","4.4","1835","12.49","0.0","Sewing, Craft  Hobby","False","0"
"B0BSLLD495","Aramox Motorcycle Reed Cage Valv, V307 V Force 3 Reed Block Valve System Kits Screwless High Airflow Compatible with YZ250 YZ250X Suzuki RM250","https://m.media-amazon.com/images/I/61b2JtRMDlL._AC_UL320_.jpg","https://www.amazon.ca/dp/B0BSLLD495","0.0","0","35.1","0.0","Motorcycle Accessories  Parts","False","0"
"B08XVVPZ5Y","KINGNOW Accent Decor Men and Dog Figura Decorativa Wooden Gift Home Accents","https://m.media-amazon.com/images/I/71H3yemQcBS._AC_UY218_.jpg","https://www.amazon.ca/dp/B08XVVPZ5Y","4.8","691","24.98","0.0","Artwork","False","0"
"B0CJSPY8R1","Mini Tesla Coil Tesla Coil DiyMini Music Tesla Coil Plasma Speaker DIY Kits Plasma Loudspeaker Tesla Wireless Transmission Solid Power Science Kits","https://m.media-amazon.com/images/I/71exqeb+38L._AC_UL320_.jpg","https://www.amazon.ca/dp/B0CJSPY8R1","0.0","0","48.21","0.0","Computer Audio  Video Accessories","False","0"
"B0BTMWZ7LB","Squishmallow 5 Inch Mini Plush 8 Pack | Sealife","https://m.media-amazon.com/images/I/61XX80qDf8L._AC_UL320_.jpg","https://www.amazon.ca/dp/B0BTMWZ7LB","4.7","13","76.8","0.0","Stuffed  Plush Animals","False","0"
"B0B3HYHRTK","Strong Neodymium Round Magnets, Rare Earth Magnets Heavy Duty, Adhesive Magnets for Crafts, Fridge, DIY, Scientific, Office, 1.26 Inch x 1/8 Inch, Pack of 6","https://m.media-amazon.com/images/I/61vBhcE-dWL._AC_UL320_.jpg","https://www.amazon.ca/dp/B0B3HYHRTK","4.3","118","10.99","0.0","Material Handling","False","0"
"B0BHQ6DRXV","Genuine Leather Watchbands for Fossil ES3077 ES2830 ES3262 ES3060 Stylish Women Watch Straps Small Bracelet (Color : Red Brown, Size : 8mm Gold Clasp)","https://m.media-amazon.com/images/I/41pOHsMm5EL._AC_UL320_.jpg","https://www.amazon.ca/dp/B0BHQ6DRXV","0.0","0","55.55","0.0","Women's Watches","False","0"
"B000FFVYFA","Kind- Bar Almond/Coconut, Box Of 8","https://m.media-amazon.com/images/I/715aVmlDKzL._AC_UL320_.jpg","https://www.amazon.ca/dp/B000FFVYFA","3.3","12","55.1","0.0","Diet  Nutrition Products","False","0"
"B0BWVTGR7M","2pcs/lot Beeswax Organic Hemp Wick 2mm 50feet, Dark Color Natural Hemp Twine Used in Candle, Smoking - (Color: Natural)","https://m.media-amazon.com/images/I/51RkdgiZOeL._AC_UL320_.jpg","https://www.amazon.ca/dp/B0BWVTGR7M","0.0","0","0.0","0.0","Tarps  Tie-Downs","False","0"
"B0B2RBVZTC","[Upgraded Battery] ORORO Women's Heated Vest with Battery Pack, Up to 10 Hours of Warmth","https://m.media-amazon.com/images/I/71TwE5FQKNL._AC_UL320_.jpg","https://www.amazon.ca/dp/B0B2RBVZTC","4.6","8251","179.99","0.0","Golf Equipment","False","50"
"B01N6PR7IJ","Fisher-Price Think & Learn Alpha Slidewriter","https://m.media-amazon.com/images/I/71QWbf-T3QL._AC_UL320_.jpg","https://www.amazon.ca/dp/B01N6PR7IJ","4.3","2806","0.0","0.0","Games  Accessories","False","0"
"B0BMRVWZNT","Horse Party Favors, Hair Scrunchie, For Your Pony, Horseback Birthday Guest Gifts, Equestrian Baby Shower, Country Western Cowgirl Bachelorette - 6 Pack","https://m.media-amazon.com/images/I/81MxgkNR9tL._AC_UL320_.jpg","https://www.amazon.ca/dp/B0BMRVWZNT","4.0","1","29.99","0.0","Handmade in Canada","False","0"
"B0BYJPC7K5","Women's heeled Sandals Stiletto Strappy Heels Sexy Open Square Toe Lace up Stilettos Party Wedding Dress Shoes","https://m.media-amazon.com/images/I/61wHlZoAeSL._AC_UL320_.jpg","https://www.amazon.ca/dp/B0BYJPC7K5","4.1","137","68.45","0.0","Women's Shoes","False","0"
"B0B4P3QR33","Triangle Shade Sail, Waterproof Garden Awnings, Moisture and Dustproof Sun Shade Sail with 3 Ropes for Outdoor Garden Yard Beach Pool Terrace Balcony (Black 2.4X2.4X2.4m)","https://m.media-amazon.com/images/I/51XpFWOAD7L._AC_UL320_.jpg","https://www.amazon.ca/dp/B0B4P3QR33","0.0","0","47.99","0.0","Patio Furniture  Accessories","False","0"
"B01BERC45G","African Pride Olive Miracle Curls and Coils Texturizer","https://m.media-amazon.com/images/I/71+U15eIgLL._AC_UL320_.jpg","https://www.amazon.ca/dp/B01BERC45G","3.8","1161","19.89","0.0","Beauty","False","0"
"B0BVLHJ9B9","Mailbox Covers Magnetic Post Box Cover Buffalo Check Plaid Turck with Pig Sunflowers Mailbox Cover for Outdoor Garden Yard Decorations Standard Size 18.5"" X 21.7""","https://m.media-amazon.com/images/I/61EYTeI4BwL._AC_UL320_.jpg","https://www.amazon.ca/dp/B0BVLHJ9B9","0.0","0","25.5","0.0","Mailboxes  Accessories","False","0"
"B0C9XSS3FK","Drink Bottle, Plastic PC Large Capacity Clear Scale Portable Water Spray Bottle Leakage Free for Picnic","https://m.media-amazon.com/images/I/51NWJnjfOdL._AC_UY218_.jpg","https://www.amazon.ca/dp/B0C9XSS3FK","0.0","0","12.39","0.0","Water Coolers, Filters  Cartridges","False","0"
"B07BZZ9K5H","PAIR of 316L Steel Tapers and Tunnels Ear Stretching Kit gauges gauging plugs CHOOSE 0g-14g","https://m.media-amazon.com/images/I/51ZsEBY2WSL._AC_UL320_.jpg","https://www.amazon.ca/dp/B07BZZ9K5H","4.6","1475","0.0","0.0","Novelty  Special Use Clothing","False","0"
"B08TX19QR1","Puccy 2 Pack Anti Blue Light Screen Protector Film, compatible with ACER P186HL Display Monitor 18.5"" TPU Guard （ Not Tempered Glass Protectors ）","https://m.media-amazon.com/images/I/51LMfx6k-UL._AC_UL320_.jpg","https://www.amazon.ca/dp/B08TX19QR1","0.0","0","40.99","0.0","Computer Monitor Accessories","False","0"
"B08PDLSB65","Sofia Vergara x Foster Grant Women's Teresa Cat-Eye Reading Glasses","https://m.media-amazon.com/images/I/61i2cXtnZuL._AC_UL320_.jpg","https://www.amazon.ca/dp/B08PDLSB65","5.0","1","84.05","0.0","Vision Care Products","False","0"
"B0B46JXG5K","Kate Spade New York Cheers Boxed Travel Jewelry Holder in Black Multi","https://m.media-amazon.com/images/I/81O4cvzPFXL._AC_UL320_.jpg","https://www.amazon.ca/dp/B0B46JXG5K","4.2","3","79.52","0.0","Shoe, Jewelry  Watch Accessories","False","0"
"B0CB8YBB49","HABITZ LED Backlight Strip Compatible with 49inch TV LIG 49LJ58300W 49UH603V 49UH620V LC490DGE 6916L-2705A 6916L-2706A 6916L-2707A 6916L-2708A","https://m.media-amazon.com/images/I/61AsYbyXPJL._AC_UL320_.jpg","https://www.amazon.ca/dp/B0CB8YBB49","0.0","0","0.0","0.0","Televisions","False","0"
"B09Z6NGMN4","Ailunsnika Crochet Knitted Open Front Kimono Cardigan Bikini Cover Up Sexy Lace Tank Dress","https://m.media-amazon.com/images/I/61TT52ZLccL._AC_UL320_.jpg","https://www.amazon.ca/dp/B09Z6NGMN4","4.0","505","32.99","0.0","Boating  Watersports","False","0"
"B0C3VS1GXZ","Disco Party Decoration 30PCS Disco Hanging Swirls Ceiling 70’s Party Decorations","https://m.media-amazon.com/images/I/81C1hHcB9vL._AC_UL320_.jpg","https://www.amazon.ca/dp/B0C3VS1GXZ","5.0","1","10.83","0.0","Stationery  Party Supplies","False","0"
"B0CKXY7L52","WUUOSSYUIS Classic Cornhole Game Sandbag Toss Set with Sandbags for Indoor and Outdoor Fun, Type1, 5Set","https://m.media-amazon.com/images/I/41Wyqll9rQL._AC_UL320_.jpg","https://www.amazon.ca/dp/B0CKXY7L52","0.0","0","60.59","0.0","Toy Foam Blasters  Guns","False","0"
"B0BGSFVXDX","12 Pcs Satin Sleep Cap Silk Bonnet Beanie Hat Bulk Night Hair Cap Cover for Sleeping Women Curly Hair","https://m.media-amazon.com/images/I/81tpfzgcKbL._AC_UL320_.jpg","https://www.amazon.ca/dp/B0BGSFVXDX","4.3","80","56.99","0.0","Bath  Body","False","0"
"B0BJ7CK7BD","100% Cashmere Sweater Men's Pullover Autumn Winter Soft Warm Knitwear","https://m.media-amazon.com/images/I/71YKs0drCoL._AC_UL320_.jpg","https://www.amazon.ca/dp/B0BJ7CK7BD","3.5","4","103.02","0.0","Men's Clothing","False","0"
"B078TJGXJZ","Intenze Tattoo Ink - Aquamarine - 1/2oz Bottle","https://m.media-amazon.com/images/I/41MtY20pCzL._AC_UL320_.jpg","https://www.amazon.ca/dp/B078TJGXJZ","4.4","10","18.99","0.0","Tattooing Supplies","False","0"
"B0C9XBHS8L","Wooden Cigar Ashtray Set with Cigar Cutter and Punch - Foldable Travel Compact Cigar Holder Ashtray Collection Gift","https://m.media-amazon.com/images/I/51yHceAogxL._AC_UL320_.jpg","https://www.amazon.ca/dp/B0C9XBHS8L","0.0","0","67.99","0.0","Cigarette Lighters","False","0"
"B0CD7W53RZ","Honlyn Hard Backpack Case for DJI Air 3/Mavic Air 3 Drone, Waterproof Shockproof Case Remote & Smart Controller, Propellers, Batt ery & Accessories (Red)","https://m.media-amazon.com/images/I/61wl1b49obL._AC_UL320_.jpg","https://www.amazon.ca/dp/B0CD7W53RZ","0.0","0","130.99","0.0","Computer Hard Drive Accessories","False","0"
"B07PLCGM9J","uxcell AXK6085 Needle Roller Thrust Bearings with 2 Washers, 60mm Inner Diameter, 85mm OD 3mm Width Chrome Steel","https://m.media-amazon.com/images/I/61cJvrqU1HL._AC_UL320_.jpg","https://www.amazon.ca/dp/B07PLCGM9J","4.0","1","12.49","13.99","Power Transmission Products","False","0"
"B000Q62PVK","Bounce Dryer Sheets-Outdoor Fresh-40 count","https://m.media-amazon.com/images/I/81ZMWCYkK4L._AC_UL320_.jpg","https://www.amazon.ca/dp/B000Q62PVK","4.8","756","0.0","0.0","Laundry Supplies","False","0"
"B073S8ZKSW","(3 Pack) Oster Blade Wash Liquid Blade Dip, 18-Ounces","https://m.media-amazon.com/images/I/71UnGwDcsxL._AC_UL320_.jpg","https://www.amazon.ca/dp/B073S8ZKSW","4.8","263","69.89","82.96","Shaving  Hair Removal Products","False","0"
"B08QYVQSYB","Pendaflex Reinforced File Folders, Extra Durable, Poly Reinforced Edges, Assorted Colors, Legal Size, 1/3 Cut Tabs, 24 Per Pack (86244)","https://m.media-amazon.com/images/I/614QlPSZcCL._AC_UL320_.jpg","https://www.amazon.ca/dp/B08QYVQSYB","4.7","477","13.7","0.0","Office Products","False","100"
"B08P5MMXBK","Qoosea 24PCS Cat Toys Set Interactive Kitten Toys for Indoor Cats Catnip Toy Kitten Feather Wand Cat Tunnel, Cat Springs, Mice and Bells Toys, Cat Wand Toy for Cat Kitten","https://m.media-amazon.com/images/I/81bp9fSuPAL._AC_UL320_.jpg","https://www.amazon.ca/dp/B08P5MMXBK","4.5","935","23.99","0.0","Pet Supplies","False","0"
"B09JNGHJ16","Handlebar Mitts Cold Weather Mountain Bike Handlebar Mittens Windproof & Coldproof Commuter MTB Bicycle Bar Warmer Covers","https://m.media-amazon.com/images/I/61gQfYU12aL._AC_UL320_.jpg","https://www.amazon.ca/dp/B09JNGHJ16","4.2","332","36.99","0.0","Sport Specific Clothing","False","0"
"B0CBCXJJX1","Show Me Your Pitties Cigarette Case Box Flip Open Waterproof Cigarette Holder Box for Men and Women","https://m.media-amazon.com/images/I/61dDQLW6hcL._AC_UL320_.jpg","https://www.amazon.ca/dp/B0CBCXJJX1","0.0","0","18.29","0.0","Cigarette Lighters","False","0"
"B0836M6HTV","10 Pack 32GB USB Flash Drive USB 3.0 Thumb Drives Jump Drive Fold Storage Memory Stick Swivel Design","https://m.media-amazon.com/images/I/6166efLtz9L._AC_UL320_.jpg","https://www.amazon.ca/dp/B0836M6HTV","3.0","1","64.67","0.0","Data Storage","False","0"
"B07F3CYPRJ","Men's Bolt Quartz Watch with Stainless-Steel Strap, Gold, 30 (Model: 27062)","https://m.media-amazon.com/images/I/71f7o5bT0HL._AC_UL320_.jpg","https://www.amazon.ca/dp/B07F3CYPRJ","4.3","29","393.56","0.0","Men's Watches","False","0"
"B01LZ6T6LZ","Icarekit Portable Dental Oral Care Interdental Brush Floss Holder 50 Meter Flosses with Free Case","https://m.media-amazon.com/images/I/51X-MB1AdXL._AC_UL320_.jpg","https://www.amazon.ca/dp/B01LZ6T6LZ","2.8","17","13.99","0.0","Oral Hygiene Products","False","0"
"B0827TRLLL","4 Pieces Bamboo Mini Scrub Brush Coconut Bristles Pot Brushes Dish Scrubber for Cast Iron Skillet, Kitchen Sink, Bathroom, Household Cleaning","https://m.media-amazon.com/images/I/71SYyNIQxFL._AC_UL320_.jpg","https://www.amazon.ca/dp/B0827TRLLL","4.3","26","21.0","24.89","Household Cleaning Tools","False","0"
"B0BFW2GQBJ","C&T 4-Piece Hammer Set, 8 12 16 24oz, Fiberglass Handle hammer for Ball Peen, Blow Striking Ball Pein Hammer Handle Tool with Forged Steel Construction & Shock Reduction Grip for Metal Working","https://m.media-amazon.com/images/I/61Ewb2QccuL._AC_UL320_.jpg","https://www.amazon.ca/dp/B0BFW2GQBJ","4.5","44","52.63","0.0","Power  Hand Tools","False","0"
"B077BWY4VN","Kuryakyn 8863 Splined Male Mount Peg Adapters for Front Footpegs and Floorboards: 1996-2018 Honda Motorcycles, Gloss Black, 1 Pair","https://m.media-amazon.com/images/I/81tLPlYpgxL._AC_UL320_.jpg","https://www.amazon.ca/dp/B077BWY4VN","4.5","102","65.35","0.0","Motorcycle Accessories  Parts","False","0"
"B098LJ44G4","Organic Orange Powder, 2.5 Pounds — Non-GMO, Made from Raw Dried Citrus Fruit, Unsulfured, Vegan, Bulk, Great for Baking, Juices, Smoothies, and Instant Breakfast Drinks, No Sulphites","https://m.media-amazon.com/images/I/81-X5OjmK0S._AC_UL320_.jpg","https://www.amazon.ca/dp/B098LJ44G4","3.4","25","34.34","0.0","Grocery","False","0"
"B0CBVH14SD","Toilet Wand Refills, 30pcs Refills Disinfectingg Toilet Bowl Paper, 9.068.272.76in Toilet Wand Refills Sponges Scrub Heads for Bathroom Toilet Brush Accessories Supplies Starter Kit","https://m.media-amazon.com/images/I/71jsmWfgTmL._AC_UL320_.jpg","https://www.amazon.ca/dp/B0CBVH14SD","0.0","0","14.29","0.0","Household Cleaning","False","0"
"B09VJSL211","DFUF 1PC Rough Natural Crystal Stone Black Tourmaline Rutilated Quartz Specimen 50G-300G for Decoration Suitable for Furniture Decoration (Color : 160g-190g 1pc)","https://m.media-amazon.com/images/I/51gRhV+xC3L._AC_UL320_.jpg","https://www.amazon.ca/dp/B09VJSL211","0.0","0","45.49","0.0","Diet  Nutrition Products","False","0"
"B07VNR2SWB","uxcell NTA3244 Thrust Needle Roller Bearings 2"" Bore 2-3/4"" OD 5/64"" Width 2pcs","https://m.media-amazon.com/images/I/61x-VbPcnvL._AC_UL320_.jpg","https://www.amazon.ca/dp/B07VNR2SWB","4.6","19","9.99","0.0","Power Transmission Products","False","0"
"B0C38FC5SN","Custom T Shirt Design Your Own Text Name Personalized Message or Image Men/Women Printed Text Shirts","https://m.media-amazon.com/images/I/61P+98LAw4L._AC_UL320_.jpg","https://www.amazon.ca/dp/B0C38FC5SN","0.0","0","11.99","0.0","Men","False","0"
"B07X57THV9","Skin House Women Handbags Korean Fashion Toiletry Makeup Organizer Clutch Cosmetic Travel Bag Pencil Stationary Case Ladies Purses","https://m.media-amazon.com/images/I/61exzAHOJ1L._AC_UL320_.jpg","https://www.amazon.ca/dp/B07X57THV9","4.1","5","14.99","0.0","Beauty Tools  Accessories","False","0"
"B082YFMTKS","Package Delivery Sign, Delivery Instructions FedEx Amazon Ups USPS Sign, 10x7 Inches, Rust Free .040 Aluminum, Fade Resistant, Made in USA by Sigo Signs","https://m.media-amazon.com/images/I/71ZYwN2Z5NL._AC_UL320_.jpg","https://www.amazon.ca/dp/B082YFMTKS","4.7","2796","18.19","0.0","Outdoor Décor","False","0"
"B08M34QS6W","Ford F-150 Generations Inspired Poster Print Wall Art Handmade Decor of the History and Evolution of the F150 (XL XLT SXT FX4 FX2 Limited Lariat Platinum King Ranch) (Unframed)","https://m.media-amazon.com/images/I/71RGmDRU50L._AC_UL320_.jpg","https://www.amazon.ca/dp/B08M34QS6W","0.0","0","41.99","0.0","Handmade Artwork","False","0"
"B00PR0W63M","BDF S8MC Window Film Security and Safety Clear 8 Mil (24in X 49ft)","https://m.media-amazon.com/images/I/81Bcy8jhGSL._AC_UL320_.jpg","https://www.amazon.ca/dp/B00PR0W63M","4.0","49","146.15","0.0","Window Hardware","False","0"
"B0BRC59K5K","70mai Micro SD Card (32GB)","https://m.media-amazon.com/images/I/511JvDUtcdL._AC_UL320_.jpg","https://www.amazon.ca/dp/B0BRC59K5K","4.0","6","12.99","0.0","Memory Cards","False","0"
"B0897K5254","Brinno TLC2020 Time Lapse Camera Bundle – Adjustable Narrow-Angle Lens (BCS039) - 99-Day Battery - Full HD 1080p - BAC2000 Versatile Camera Bundle Includes: Clamp/Monopod/Phone Holder/Special Lens","https://m.media-amazon.com/images/I/61ItbgzMHNL._AC_UL320_.jpg","https://www.amazon.ca/dp/B0897K5254","3.7","17","329.0","0.0","Electronics  Gadgets","False","0"
"B0CL4NRZGK","Rechargeable Battery Rechargeable Battery 3 7V 1000Mah 10440 -Ion Batteries Replacement Cells 1.2V,","https://m.media-amazon.com/images/I/51Jy99Z5LIL._AC_UL320_.jpg","https://www.amazon.ca/dp/B0CL4NRZGK","0.0","0","0.0","0.0","Household Batteries","False","0"
"B07Y6G1D6L","Acouto Boat Air Valve PVC Inflatable Boat Air Valve Replacement Air Gas Valve Cap Pontoon Boat Inflation Valve Replacement Gray for Inflatable Boat Dinghy Kayak Canoe","https://m.media-amazon.com/images/I/51n47-qCuhL._AC_UL320_.jpg","https://www.amazon.ca/dp/B07Y6G1D6L","0.0","0","13.59","0.0","Boating  Watersports","False","0"
"B0CB9L9JVL","MAGICLULU 20 Pcs Badge Storage Book Keychain Supplies Plastic Coins Key Rings for Keychains Coin Collection Sleeves Clear Coin Holder Page Clear Pockets Coin Collection Coin Protector Pocket","https://m.media-amazon.com/images/I/51ZErbWF7xL._AC_UL320_.jpg","https://www.amazon.ca/dp/B0CB9L9JVL","0.0","0","48.29","0.0","Collectible Toys","False","0"
"B0BR98ZQDJ","About 500 Pcs Eyeglasses Repair Kit, with 10 Pairs Nose Pads, 3 Pcs Micro Screwdrivers, Tweezer, Sunglasses Micro Screws Assortment Kit for Eyeglass, Sunglasses, Glasses & Watch Repair","https://m.media-amazon.com/images/I/81NsD6asyXL._AC_UL320_.jpg","https://www.amazon.ca/dp/B0BR98ZQDJ","4.5","98","0.0","0.0","Vision Care Products","False","0"
"B085S78KVT","Mens Leather RIGGER7","https://m.media-amazon.com/images/I/91XnFjjL0wL._AC_UL320_.jpg","https://www.amazon.ca/dp/B085S78KVT","3.3","3","259.99","0.0","Men's Shoes","False","0"
"B08KGW299P","koolsoo 3 Sets of Durable Golf Rubber Tees Winter Tee Set","https://m.media-amazon.com/images/I/51Fu7TfCb7L._AC_UL320_.jpg","https://www.amazon.ca/dp/B08KGW299P","5.0","5","12.99","0.0","Golf Equipment","False","0"
"B08TWZW7DX","Puccy 2 Pack Anti Blue Light Screen Protector Film, compatible with Samsung U28E590 / U28E590DS / LU28E590DS/ZA 28"" Display Monitor TPU Guard （ Not Tempered Glass Protectors ）","https://m.media-amazon.com/images/I/714tHODtGwL._AC_UL320_.jpg","https://www.amazon.ca/dp/B08TWZW7DX","0.0","0","56.99","0.0","Computer Monitor Accessories","False","0"
"B0CKXJRYC2","3PCS Household Tile Cleaning Brush Kitchen with Handle Sponge Wipe Multifunctional Bathtub Stove scouring Brush","https://m.media-amazon.com/images/I/51p972CQG-L._AC_UL320_.jpg","https://www.amazon.ca/dp/B0CKXJRYC2","0.0","0","15.18","0.0","Dishwashing Supplies","False","0"
"B0039P3GOA","Cigar Ashtray - Cast Iron Hand Antique Ashtray - Use as Outdoor Ashtray or Indoors, Cigarette Ashtray, Cool Smokers Gift - Ideal Gift for Fathers - Decorative Ashtray by Comfify","https://m.media-amazon.com/images/I/71gtdmmB3HL._AC_UL320_.jpg","https://www.amazon.ca/dp/B0039P3GOA","4.7","699","20.99","0.0","Automotive Interior Accessories","False","0"
"B07NRSF8M2","Wool Dryer Balls Organic XL 6-Pack by Ecoigy, Reusable Natural Fabric Softener for Laundry, Dryer Sheets Alternative, New Zealand Wool, Speed Up Dry Time, Cut Energy Costs","https://m.media-amazon.com/images/I/61bM7DNHnBL._AC_UL320_.jpg","https://www.amazon.ca/dp/B07NRSF8M2","4.5","23911","14.97","0.0","Laundry Supplies","False","1000"
"B08G4W111C","Kids Felt Farm Animals Precut Figures for Toddlers Preschool Felt Flannel Board Stories as Storytelling Activity Kits, 25 Pieces","https://m.media-amazon.com/images/I/61hI-bnbhsL._AC_UL320_.jpg","https://www.amazon.ca/dp/B08G4W111C","4.4","337","42.19","0.0","Arts  Crafts Supplies","False","0"
"B0C6KDFRRL","Mini Shoulder Bag for Women, Fashion PU Clutch Handbag, Lightweight Hobo Purses with Diamond Embroidery","https://m.media-amazon.com/images/I/61tZJowulqL._AC_UL320_.jpg","https://www.amazon.ca/dp/B0C6KDFRRL","4.5","2","19.99","0.0","Women's Handbags","False","0"
"B09GFQYK2T","Yissone Toy Storage Bag, Multi- Functional Toy Storage Bean Bag with Zipper for Girls Boys","https://m.media-amazon.com/images/I/61y6HScjIDL._AC_UL320_.jpg","https://www.amazon.ca/dp/B09GFQYK2T","0.0","0","30.89","0.0","Beanbag  Foot Bags","False","0"
"B0CGXT4H6M","Theatre Walllet, long wallet, biker wallet, leather Carved, 3D Genuine Leather Wallet, Leather Carving Wallet","https://m.media-amazon.com/images/I/41H-vBnytPL._AC_UL320_.jpg","https://www.amazon.ca/dp/B0CGXT4H6M","0.0","0","314.0","0.0","Handmade Clothing, Shoes  Accessories","False","0"
"B074P6DQ5K","Itian 3D Skull Mug Stainless Steel Tankard Mug Coffee Tea Water Drinking Cup for Party Or Bar","https://m.media-amazon.com/images/I/51GSgXmSfRL._AC_UY218_.jpg","https://www.amazon.ca/dp/B074P6DQ5K","4.5","101","22.99","0.0","Tableware","False","0"
"B08ZXL39MR","LeMotech 5 Pack NPT 1"" Cable Glands Waterproof Adjustable 18-25mm Cable Connectors Grey Joints with Gaskets","https://m.media-amazon.com/images/I/51ZwNjRgTlS._AC_UL320_.jpg","https://www.amazon.ca/dp/B08ZXL39MR","4.6","285","15.99","19.99","Electrical Equipment","False","0"
"B0BX2XLTXJ","Kites Chinese Style Crane Kite Set Adult Kites Breeze Easy Fly Kite 500m Kite Line Outdoor Sports Long Tail Kite Kid Game Present","https://m.media-amazon.com/images/I/61bkD8U-TdL._AC_UL320_.jpg","https://www.amazon.ca/dp/B0BX2XLTXJ","0.0","0","165.86","0.0","Kites  Wind Spinners","False","0"
"B0BHR87ZB6","Qtqgoitem Rhinestone Bridesmaid Bridal Wedding Bouquet Artificial Rose Flower Pink (Model: 1e0 0cf a9b 076 DAF)","https://m.media-amazon.com/images/I/61D+7PorLQL._AC_UL320_.jpg","https://www.amazon.ca/dp/B0BHR87ZB6","0.0","0","21.1","0.0","Fresh Flowers  Indoor Plants","False","0"
"B0C6T6VFPD","Clutch Purses for Women Sparkly Purse with Metal Detachable Chain Evening Bag for Women","https://m.media-amazon.com/images/I/91LZ-lNeMkL._AC_UL320_.jpg","https://www.amazon.ca/dp/B0C6T6VFPD","4.6","3","25.99","0.0","Women's Handbags","False","0"
"B0CKYWKXWG","Under Sink Water Filter System Pre Water Filter Purifier Whole House Filter， Good Looking Central Prefilter System， Backwash Stainless Steel Mesh Extra Long Service Life","https://m.media-amazon.com/images/I/415M-+KkWnL._AC_UY218_.jpg","https://www.amazon.ca/dp/B0CKYWKXWG","0.0","0","147.7","0.0","Water Coolers, Filters  Cartridges","False","0"
"B00RGYGHW8","Insect Magnifying Catcher,Critter Catcher for Kids | UFO Insect Cage with Concealed Handle Clear Close Look for Early Education Children Camping Trips Outdoor Indoor","https://m.media-amazon.com/images/I/715HBPgBn0L._AC_UL320_.jpg","https://www.amazon.ca/dp/B00RGYGHW8","0.0","0","0.0","0.0","Indoor Insect  Pest Control","False","0"
"B09JZ8LVT5","-8V Yellow_20/pcs","https://m.media-amazon.com/images/I/41Ygm6YpExL._AC_UL320_.jpg","https://www.amazon.ca/dp/B09JZ8LVT5","0.0","0","25.06","0.0","Science Education Supplies","False","0"
"B0CC2PTPGY","MeIighting 14K Solid Gold Double Nose Rings Hoop for Single Piercing 20G Twist Nose Ring Double Hoop for Women Nose Piercing Jewelry for Men Nose Hoops","https://m.media-amazon.com/images/I/61jA0MTi0YL._AC_UL320_.jpg","https://www.amazon.ca/dp/B0CC2PTPGY","0.0","0","79.99","0.0","Novelty  Special Use Clothing","False","0"
"B0984S8CDL","1997 Canada 10 Cent Sterling Silver Coin: 500th Anniversary of John Cabot's Voyage","https://m.media-amazon.com/images/I/61wd6FFx8KS._AC_UL320_.jpg","https://www.amazon.ca/dp/B0984S8CDL","5.0","2","35.95","0.0","Collectible Toys","False","0"
"B013FEIAVS","L'Occitane Almond Cleansing & Soothing Shower Oil (Travel Size) 75ml","https://m.media-amazon.com/images/I/412Cewo2EVL._AC_UL320_.jpg","https://www.amazon.ca/dp/B013FEIAVS","3.8","3","40.17","0.0","Bath  Body","False","0"
"B0BWYZ9MX4","Power Charger 36V Lt01,Quad Ladekabel Elektro 36V Battery Charger Electric Scooter Bike Ycle 3 Pin Male Connector EU Plug (US Plug)","https://m.media-amazon.com/images/I/51gAiHZrYIL._AC_UL320_.jpg","https://www.amazon.ca/dp/B0BWYZ9MX4","0.0","0","30.33","0.0","Bikes, Scooters  Ride-Ons","False","0"
"B0BRCZWFG8","Pet Hair Remover, Resuable Dog Hair Remover, Lint Cleaner Pro, Portable Cat Fur Removal Tool for Couch Carpets Clothes Furniture, Durable Manual Carpet Scraper (Blue)","https://m.media-amazon.com/images/I/61ycnuivabL._AC_UY218_.jpg","https://www.amazon.ca/dp/B0BRCZWFG8","4.3","106","11.99","0.0","Irons, Steamers  Accessories","False","0"
"B07RPSQG8X","Professional Face Painting Kit For Kids Adults12 x 10gm Face Paint Set Stencil One Stroke Split Cakes Palette Non Toxic Rainbow Flora Unicorn Body Paint Makeup Halloween Christmas Jewels","https://m.media-amazon.com/images/I/71CxdaLuPVL._AC_UL320_.jpg","https://www.amazon.ca/dp/B07RPSQG8X","4.5","1279","41.99","0.0","Clothing, Shoes  Jewellery","False","100"
"B0CHQG4HB1","Mini 4K 3D Projector Compatible for Android 9.0 Dual 2.4G 5G WiFi BT4.1 Smart Proyector Full Hd 1080p Video Game Beamer SBS TNB 3D (Color : P10II 4G 32G)","https://m.media-amazon.com/images/I/51mOkIluhVL._AC_UL320_.jpg","https://www.amazon.ca/dp/B0CHQG4HB1","0.0","0","805.37","0.0","Television Projectors","False","0"
"B06Y16JDDY","20pcs/bag cherry bonsai fruit seeds Sweet Sylvia Upright Cherry Self-fertile Dwarf Tree seeds plant pot home garden","https://m.media-amazon.com/images/I/71h+0BXADmL._AC_UL320_.jpg","https://www.amazon.ca/dp/B06Y16JDDY","2.5","232","5.98","0.0","Patio, Lawn  Garden","False","0"
"B0CDXB6151","Mirror Heart-Shaped Travel Handheld Mirror, Cosmetic Hand Mirror with Handle ，Desk, Makeup,Beauty, Shaving Mirror","https://m.media-amazon.com/images/I/21Zypy9ZWbL._AC_UL320_.jpg","https://www.amazon.ca/dp/B0CDXB6151","0.0","0","167.59","0.0","Salon  Spa Equipment","False","0"
"B0BVLJT4MT","Mailbox Covers Magnetic Post Box Cover Valentine's Day Red Heart Sharp Mailbox Cover for Outdoor Garden Yard Decorations Standard Size 18.5"" X 21.7""","https://m.media-amazon.com/images/I/613uUPORtZL._AC_UL320_.jpg","https://www.amazon.ca/dp/B0BVLJT4MT","0.0","0","24.37","0.0","Mailboxes  Accessories","False","0"
"B07BF7BHR1","Banana Chia Granola 100% Natural Handmade Vegan Breakfast Cereal, 500 Gm (17.64 OZ)","https://m.media-amazon.com/images/I/81oPAfbDMzL._AC_UL320_.jpg","https://www.amazon.ca/dp/B07BF7BHR1","4.8","5","17.99","0.0","Breakfast Cereal","False","0"
"B003XL3E5G","Salerm Wheat Germ Mascarilla Capilar Conditioning Treatment, 33.7 Ounce","https://m.media-amazon.com/images/I/618ava+w1DL._AC_UL320_.jpg","https://www.amazon.ca/dp/B003XL3E5G","4.6","1622","74.99","0.0","Hair Care","False","0"
"B0CHCCD2S7","TOYANDONA Beach Toys 1 Set Snow Play Tool Shovel Sand Castle Toys for Beach Kids Tools Shovel Toy Snooker Puck Child","https://m.media-amazon.com/images/I/51ycNRYxXPL._AC_UL320_.jpg","https://www.amazon.ca/dp/B0CHCCD2S7","0.0","0","0.0","0.0","Swimming Pool  Outdoor Water Toys","False","0"
"B07Y9KVXBZ","House Slippers for Women - Lightweight Cotton Quilted Home Slippers, Easy Machine Washable Like Socks, Foldable and Portable, Indoor Breathable Shoes for Your Feet Relaxing, Set of 3 Pairs","https://m.media-amazon.com/images/I/81JWklSVTIL._AC_UL320_.jpg","https://www.amazon.ca/dp/B07Y9KVXBZ","3.9","18","29.9","36.99","Women's Shoes","False","0"
"B0CBPQ87VS","Inflatable Castle Large Trampoline Slide Waterpark Naughty Castle Toy Climbing Wall Castle Suitable for Playgrounds Parks","https://m.media-amazon.com/images/I/61bjmZzz4tL._AC_UL320_.jpg","https://www.amazon.ca/dp/B0CBPQ87VS","0.0","0","5108.32","0.0","Children's Outdoor Inflatable Bouncers  Bouncy Castles","False","0"
"B09PGCJVVT","Anti-Slip Anti-Deformation Geocell Grid, 2m / 3m / 4m / 5m / 6m Soil Gravel Stabilizer Geogrid for Courtyards Parking Lots, Easy to Cut & Attached (Size : 3m x 10m (10ft x 33ft))","https://m.media-amazon.com/images/I/815f9JPHk-L._AC_UL320_.jpg","https://www.amazon.ca/dp/B09PGCJVVT","0.0","0","363.74","0.0","Outdoor Storage  Housing","False","0"
"B00UOETS82","GOARTEA Dong Ding Oolong Tea Taiwan Oolong Tea Loose Leaf 4Pcs 250g / Total 35.2oz Premium Grade Taiwan Tea Tung Ting Oolong Tea Green Oolong Tea Dongding Oolong Tea High Mountain Oolong Tea","https://m.media-amazon.com/images/I/612rEXKsb+L._AC_UL320_.jpg","https://www.amazon.ca/dp/B00UOETS82","4.4","2","126.98","0.0","Grocery","False","0"
"B0C383HBG2","Billiard Cue Stick Case, Billiard Cue Stick Hard Case 2 Slots Portable Anti Theft for Outdoor","https://m.media-amazon.com/images/I/410vwf5+6rL._AC_UL320_.jpg","https://www.amazon.ca/dp/B0C383HBG2","0.0","0","132.06","0.0","Leisure Sports  Game Room","False","0"
"B0CH7SWP7H","Marg Replacement Ac Adapter/Power Supply for JVC 32"" LED/LCD Monitor EM32T, 37"" LED/LCD Monitor EM37T.","https://m.media-amazon.com/images/I/61O3bdRnl7L._AC_UL320_.jpg","https://www.amazon.ca/dp/B0CH7SWP7H","0.0","0","0.0","0.0","Computer Monitors","False","0"
"B09VSG8T6P","100% Natural YOGA Mat Cleansing and Deodorizing Spray Mist – CITRUS – REFILL 250 ml. Fresh and soothing with orange, lime and lemongrass essential oils. Perfect for mats, gear, clothes, bodies. Great for Skin","https://m.media-amazon.com/images/I/51DWmuqyutL._AC_UL320_.jpg","https://www.amazon.ca/dp/B09VSG8T6P","4.1","5","21.99","0.0","Skin Care Products","False","0"
"B07BCBS6VF","1Pcs Full Port Shut Off Valve DN25 Stainless Steel SS304 Female Threaded Pipe Ball Valves for Water Fuel Gas (1/4"" BSP)","https://m.media-amazon.com/images/I/511iBYqxzaL._AC_UL320_.jpg","https://www.amazon.ca/dp/B07BCBS6VF","3.7","30","9.94","0.0","Hydraulics, Pneumatics  Plumbing","False","0"
"B09HYY7JRB","LEGO Friends City Minifigure - Baby Sophie (in Blanket) New for 2021 Very Cute 41450","https://m.media-amazon.com/images/I/61Nomv5OWjL._AC_UL320_.jpg","https://www.amazon.ca/dp/B09HYY7JRB","4.3","76","44.49","0.0","Building  Construction Toys","False","0"
"B07ZQQ41V8","HQRP Enclosed General Purpose Fan Relay Replacement Compatible with Emerson 90-380 24V Coil Normally Opened/Closed Type 184 Plus HQRP Coaster","https://m.media-amazon.com/images/I/612vSaRxScL._AC_UY218_.jpg","https://www.amazon.ca/dp/B07ZQQ41V8","4.3","95","16.45","0.0","Heating Cooling  Air Quality","False","0"
"B08DY5PPZF","2020 HP EliteBook 840 G3 14 FHD Business Laptop Computer: Intel Core i5 6300U up to 3.0GHz/ 16GB DDR4 RAM/ 512GB SSD/ 802.11ac WiFi/ Bluetooth 4.2/ USB Type-C/ Silver/ Windows 10 Professional (Renewed)","https://m.media-amazon.com/images/I/616LakWB06L._AC_UL320_.jpg","https://www.amazon.ca/dp/B08DY5PPZF","4.0","2","384.99","0.0","Laptop Computers","False","0"
"B0CC8BQF2R","Unisex Warm Slippers Non-Slip Winter Slides Indoor Shoes House Slippers, House Slippers Soft Plush Memory Foam Shoes with Socks","https://m.media-amazon.com/images/I/51-n6609b8L._AC_UL320_.jpg","https://www.amazon.ca/dp/B0CC8BQF2R","0.0","0","18.99","0.0","Men's Shoes","False","0"
"B0BGPWB867","JoyMeet Halloween Pumpkin House Building Kit Street View Modular House Building Kit Mini Bricks 762 Pcs NOT Compatible with LEGO Architecture Creator","https://m.media-amazon.com/images/I/61gudZu-h3L._AC_UL320_.jpg","https://www.amazon.ca/dp/B0BGPWB867","4.7","4","32.2","0.0","Building  Construction Toys","False","0"
"B0C8J9V4PC","Tail Floating Kite Breeze Easy to Fly Beginner Fashion Good-Looking Kite Unique Structure Suitable for Outdoor Games Beach Travel","https://m.media-amazon.com/images/I/51Yyh1CXhfS._AC_UL320_.jpg","https://www.amazon.ca/dp/B0C8J9V4PC","0.0","0","71.88","0.0","Kites  Wind Spinners","False","0"
"B0CGQ94RK8","Stopwatch, Sports Stopwatch Timer Single Channel Memory ABS Waterproof for Outdoor for Racing","https://m.media-amazon.com/images/I/51QDcrA+K6L._AC_UL320_.jpg","https://www.amazon.ca/dp/B0CGQ94RK8","0.0","0","12.09","0.0","Electronics  Gadgets","False","0"
"B08L8KYWZ4","Mens Respected - Catel Moc Toe Slip On","https://m.media-amazon.com/images/I/71PrhLPdwYS._AC_UL320_.jpg","https://www.amazon.ca/dp/B08L8KYWZ4","4.4","93","133.0","0.0","Men's Shoes","False","0"
"B0C5DQCQ6L","Kids Shampoo Chair, Prevent Slip Foldable Toddler Hair Washing Chair with Shampoo Basin, Portable Kids Hair Washing Station for 0 to 10 Years Old Children, 110lb Load Bearing (Sakura Pink)","https://m.media-amazon.com/images/I/51caTRjQOKL._AC_UL320_.jpg","https://www.amazon.ca/dp/B0C5DQCQ6L","0.0","0","79.66","0.0","Bath  Body","False","0"
"B07YFS4FB1","Beauty and the Beast Silhouette - Wall Clock","https://m.media-amazon.com/images/I/61OcNQSdhyL._AC_UL320_.jpg","https://www.amazon.ca/dp/B07YFS4FB1","0.0","0","33.0","0.0","Handmade Home Décor","False","0"
"B0C5ZSYCMV","DECHOUS 3pcs Bag Buckle Key Buckle Snap Hooks Accessories Silver Tape Bags DIY Luggage Accessories Multipurpose Dog Leashes Key Chain Small Carabiner Clip Snap Hook Keychain for Crafts","https://m.media-amazon.com/images/I/51-Eaai8VoL._AC_UL320_.jpg","https://www.amazon.ca/dp/B0C5ZSYCMV","0.0","0","13.79","0.0","Industrial Hardware","False","0"
"B0B33LX5PH","Donnelly Irish Coat of Arms Sporran, Genuine Leather","https://m.media-amazon.com/images/I/71t-B3-kb1L._AC_UL320_.jpg","https://www.amazon.ca/dp/B0B33LX5PH","0.0","0","79.98","0.0","Handmade Clothing, Shoes  Accessories","False","0"
"B0BZJP29G1","Micro Firewall Appliance 4 Intel I226-V 2.5GbE NIC Ports Fanless Mini PC, Network Gateway Soft Router Mini Computer Intel N100 Quad Core, Support AES-NI, DDR5 RAM, Barebone, 8GB RAM 128GB SSD","https://m.media-amazon.com/images/I/51ZlXXYfs1L._AC_UL320_.jpg","https://www.amazon.ca/dp/B0BZJP29G1","0.0","0","389.99","0.0","Desktop Computers","False","0"
"B09RZZL1V4","Tidyard Garden Storage Box Plastic Storage Container 84.5 Gal Deck Box Garden Tool Organization Black for Patio, Lawn, Poolside, Backyard, Outdoor Furniture 46.9in x 18.1in x 23.6in (L x W x H)","https://m.media-amazon.com/images/I/51vis7LxtgL._AC_UL320_.jpg","https://www.amazon.ca/dp/B09RZZL1V4","5.0","1","0.0","0.0","Outdoor Storage  Housing","False","0"
"B08HS3KD58","10pcs Disposable Teeth Whitening Mouth Opener - Clear C-type Retractor for Cheeking Tooth （6 Types ）(5#)","https://m.media-amazon.com/images/I/513Y0-fUGxL._AC_UL320_.jpg","https://www.amazon.ca/dp/B08HS3KD58","4.7","10","15.15","0.0","Oral Hygiene Products","False","0"
"B0C55K8N7N","Lemonsea Desk Organizers, Mesh Paper Letter Tray with Sliding Drawers and Pen Holder, Desktop File Organizer for Home, Office, School, Black","https://m.media-amazon.com/images/I/813MMk-R2uL._AC_UL320_.jpg","https://www.amazon.ca/dp/B0C55K8N7N","4.4","22","39.99","41.99","Office Products","False","100"
"B0039WLAP0","Backyard Safari Campfire Glow Lantern","https://m.media-amazon.com/images/I/81BdSCNPLPL._AC_UL320_.jpg","https://www.amazon.ca/dp/B0039WLAP0","3.6","34","0.0","0.0","STEM","False","0"
"B07B7GNXWB","(1 Pair) Black Sea-Shell Forest Antlers Slivery Opal Ear Plugs Tunnels Gauges Stretcher Piercings","https://m.media-amazon.com/images/I/611Y25y633L._AC_UL320_.jpg","https://www.amazon.ca/dp/B07B7GNXWB","4.3","182","16.99","0.0","Novelty  Special Use Clothing","False","0"
"B07R7F9SQM","CZ Leaf Rings for Women Men 18K Gold Plated Adjustable Open Ring Wedding Engagement Friendship Love Rings Jewelry Eternity Couple Rings Dainty for Women Girls","https://m.media-amazon.com/images/I/61WfLQ23c4L._AC_UL320_.jpg","https://www.amazon.ca/dp/B07R7F9SQM","4.2","332","19.98","0.0","Men's Jewelry","False","0"
"B0CJBG7NP2","WDSD 20W Soundbar Portable Speakers HiFi TV Rechargeable Speakers with Remote Control for PC Surround Bar","https://m.media-amazon.com/images/I/51IT8-3tggL._AC_UL320_.jpg","https://www.amazon.ca/dp/B0CJBG7NP2","0.0","0","852.48","0.0","Home Audio Speakers","False","0"
"B0B1Y9PFVS","Vehicle Sound Deadener, Car Audio Sound Deadening Application Wheel Roller, Sound Deadening Roller Rubber Installation Tool for Seam Roller (2"" and 1.2"" )","https://m.media-amazon.com/images/I/51k5vBCAr9L._AC_UL320_.jpg","https://www.amazon.ca/dp/B0B1Y9PFVS","4.4","36","12.99","0.0","Automotive Tools  Equipment","False","50"
"B084MJP7ZD","Renew Actives Magnesium Glycinate Supplement: 200 mg Magnesium Bisglycinate - Natural Elemental Support for Heart Muscle Function, Energy Metabolism & Tissue Formation. - 120 Capsules. Non-GMO. No Fillers, Binders or Preservatives. Easy to Swallow Capsules - Made in Canada!","https://m.media-amazon.com/images/I/71er8CiIrKL._AC_UL320_.jpg","https://www.amazon.ca/dp/B084MJP7ZD","4.5","588","26.99","0.0","Health  Personal Care","False","300"
"B07KGGJCNY","Henckels Everedge Plus 2 Block Set, 12-pcs","https://m.media-amazon.com/images/I/41O0IbgMWuL._AC_UY218_.jpg","https://www.amazon.ca/dp/B07KGGJCNY","3.0","2","79.97","0.0","Kitchen Knives  Cutlery Accessories","False","0"
"B0BZZNK298","SpaEase Designer Step Grey","https://m.media-amazon.com/images/I/41GImF5dYfL._AC_UL320_.jpg","https://www.amazon.ca/dp/B0BZZNK298","3.0","2","285.27","0.0","Pools, Hot Tubs  Supplies","False","0"
"B09NSLV488","Purses Satchel Handbags for Women PU Leather Shoulder Bag Ladies Top-Handle Handbags Fashion Tote Bag, Black","https://m.media-amazon.com/images/I/715W1EQcrmL._AC_UL320_.jpg","https://www.amazon.ca/dp/B09NSLV488","3.4","16","61.99","0.0","Women's Handbags","False","0"
"B09MSKHW64","Funko Pop! Animation: My Hero Acadamia - Yuga Aoyama","https://m.media-amazon.com/images/I/71ppz77SZaL._AC_UL320_.jpg","https://www.amazon.ca/dp/B09MSKHW64","4.7","241","9.48","0.0","Action Figures, Maquettes  Busts","False","0"
"B09JZYB2F6","Kid Trumpet Golden Coated Surface Fun Preschool Instruments Musical Toy Plastic Horn Trumpet Gift","https://m.media-amazon.com/images/I/61Gzdh2x8dL._AC_UL320_.jpg","https://www.amazon.ca/dp/B09JZYB2F6","4.0","1","48.43","0.0","Musical Instruments, Stage  Studio","False","0"
"B081HWYVRP","Naka Platinum K2 (MK-7 form)100mcg (300 caps)","https://m.media-amazon.com/images/I/81Cx8jJHDoL._AC_UL320_.jpg","https://www.amazon.ca/dp/B081HWYVRP","4.6","275","38.99","0.0","Vitamins, Minerals  Supplements","False","50"
"B0BHZ97MW4","Reloj Lotus Bliss 18799/3 Acero rosé Mujer","https://m.media-amazon.com/images/I/71hbzc2l9wL._AC_UL320_.jpg","https://www.amazon.ca/dp/B0BHZ97MW4","0.0","0","164.81","0.0","Women's Watches","False","0"
"B0BNZFNGNH","Silver Daylight Ring ~ TVD Elena Gilbert silver Ring ~ Pure 925 Sterling Silver Lapis ring ✬✬✬By Fantasy World✬✬✬","https://m.media-amazon.com/images/I/41HQmjW7CqL._AC_UL320_.jpg","https://www.amazon.ca/dp/B0BNZFNGNH","0.0","0","97.0","0.0","Men's Jewelry","False","0"
"B071VG5L7F","HOMICHEF Large Heavy Ecological Nickel Free Stainless Steel Stock Pot 8qt w/Lid (No Toxic Non Stick Coating, 5.1LBS)","https://m.media-amazon.com/images/I/618AKWnkkAL._AC_UY218_.jpg","https://www.amazon.ca/dp/B071VG5L7F","4.6","501","67.41","0.0","Kitchen Cookware","False","0"
"B0CJ7V11S3","LM1875T Mono Boom Level Power 30W Amplifier Board Speaker Power Amplifier PCB Production DIY kit LM1875","https://m.media-amazon.com/images/I/51zzewTl5AL._AC_UL320_.jpg","https://www.amazon.ca/dp/B0CJ7V11S3","0.0","0","9.88","0.0","Home Theatre Systems","False","0"
"B009T8BRY2","BERON 26'' Long Curly Cosplay Constume Party Wig (Orange)","https://m.media-amazon.com/images/I/51y6uF-1qhL._AC_UL320_.jpg","https://www.amazon.ca/dp/B009T8BRY2","4.0","319","30.99","0.0","Novelty  Special Use Clothing","False","0"
"B008JFQ3O0","VITAL WHEY NATURAL 2.5LB","https://m.media-amazon.com/images/I/91+mychbtZL._AC_UL320_.jpg","https://www.amazon.ca/dp/B008JFQ3O0","4.4","77","181.57","0.0","Diet  Nutrition Products","False","0"
"B0BVPTBKJB","Swings Hopscotch Ring Jumping for Kids Sports Outdoor Play for Garden Backyard Indoor Swing Sets","https://m.media-amazon.com/images/I/618Fqd4hF5L._AC_UL320_.jpg","https://www.amazon.ca/dp/B0BVPTBKJB","0.0","0","63.54","0.0","Play Sets  Playground Equipment","False","0"
"B0BZJGRNKD","Portable Makeup Bag Travel Cosmetic Case, Sparkly Rose Gold Glitter Marble Ombre Zipper Pouch Cosmetic Bag with Handle Toiletry Bag for Women Girls","https://m.media-amazon.com/images/I/710bV+c+GRL._AC_UL320_.jpg","https://www.amazon.ca/dp/B0BZJGRNKD","0.0","0","29.99","0.0","Beauty Tools  Accessories","False","0"
"B0012Y1EMQ","Palmolive for Men Sensitive Shave cream with Aloe Vera 100ml by palmolive","https://m.media-amazon.com/images/I/71Q1JNhBYpL._AC_UL320_.jpg","https://www.amazon.ca/dp/B0012Y1EMQ","4.3","162","0.0","0.0","Shaving  Hair Removal Products","False","0"
"B08YRCVHMD","WSBArt Swimming Pool Pole, 4 to 12 Feet, Aluminium Telescopic Pole, Best for Skimmer Nets, Vacuum Heads and Brushes, Strong Grip & Lock, Ribbed Finish with 1Pairs Hooks","https://m.media-amazon.com/images/I/71hfyA5AL7S._AC_UL320_.jpg","https://www.amazon.ca/dp/B08YRCVHMD","4.2","28","149.49","0.0","Pools, Hot Tubs  Supplies","False","0"
"B07RYBZDHP","30pcs Transparent and Durable Fishing Rattle, Bait Weight with Ring Bead Bait Insertion Tube to Attract Fish","https://m.media-amazon.com/images/I/51GLs8RpVVL._AC_UL320_.jpg","https://www.amazon.ca/dp/B07RYBZDHP","4.4","12","9.39","0.0","Hunting  Fishing","False","0"
"B08PS2VF7S","CarlMa Rear Window Hinge Set Liftgate Glass Hinge Left and Right for Infiniti QX56 2004-2010 for Nissan Armada 2005-2015 Replaces OE# 926-118;90320-7S000 90321-7S000","https://m.media-amazon.com/images/I/51Ft8N0+wVL._AC_UL320_.jpg","https://www.amazon.ca/dp/B08PS2VF7S","5.0","1","45.14","0.0","Paint, Body  Trim Products","False","0"
"B0C5N6QH16","Smartwatches Smartwatch Display 12 Days Battery Life Andriod iOS Phone Smartwatch (Color : Rosebud Pink)","https://m.media-amazon.com/images/I/51XIZfKzFwL._AC_UL320_.jpg","https://www.amazon.ca/dp/B0C5N6QH16","0.0","0","1227.28","0.0","Men's Watches","False","0"
"B0B28P8QZ9","SAPHREAS Light Blue Gray Queen Size 4 Pieces Leaves Monstera Printed Bedding Duvet Cover Set 1 Comforter Cover 1 Fitted Sheet 2 Pillow Shams","https://m.media-amazon.com/images/I/71h3JQo-ilL._AC_UY218_.jpg","https://www.amazon.ca/dp/B0B28P8QZ9","4.2","30","95.99","0.0","Bedding","False","0"
"B0CF4CMYPH","BESTOYARD Sand Tray Miniatures Rake Zen Sand Garden 2 Sets Miniatures Plastic Tabletop Push Desktop DIY Meditation Kits Accessories Mini Zen Garden Sand Zen Garden Supplies","https://m.media-amazon.com/images/I/51owdg5FxAL._AC_UL320_.jpg","https://www.amazon.ca/dp/B0CF4CMYPH","0.0","0","18.63","0.0","Sandboxes  Beach Toys","False","0"
"B0CC8L8GCN","Extra Large Windproof Travel Folding Golf 54‘’ Umbrella Compact Automatic Open/Close,Sun/Rain,99 UV Protection,Lightweight Portable Parasol Outdoor,Perfect Carabiner Handle Design","https://m.media-amazon.com/images/I/51v9QzbGrFL._AC_UL320_.jpg","https://www.amazon.ca/dp/B0CC8L8GCN","4.5","32","29.99","0.0","Golf Equipment","False","0"
"B07TJD9NT2","for ELPLP78 Replacement Projector Bulb Lamp V13H010L78 V13H010L88 for EPSON PowerLite 2030 2000 730HD 725HD 600 VS230 VS330 VS335W EX3220 EX6220 EX7220 EX7230 EX7235 EX5220","https://m.media-amazon.com/images/I/71XEpHNLsUL._AC_UL320_.jpg","https://www.amazon.ca/dp/B07TJD9NT2","4.1","119","40.8","0.0","Televisions  Video","False","0"
"B09ZSWWDDG","Chicken Wire Mesh 2 Sheet 14 X 40 Inches Galvanized Metal Hexagonal Wire Netting,with 1pcs Cutting Pliers，Lightweight Wire Mesh Net for Craft Works Home Use and Gardening (2 Sheet 14 X 40 inch)","https://m.media-amazon.com/images/I/71HR2SWT42L._AC_UL320_.jpg","https://www.amazon.ca/dp/B09ZSWWDDG","4.5","29","19.99","0.0","Industrial Materials","False","0"
"B0C4KX3VHL","Satellite Finder, 4.3"" Handheld Combo Satellite Finder DVB-S2+T2+C Receiver 265ST+ CCTV Monitor DVB-S/S2 MP4 Hevc(H.265) AVS/AVS+ (Color : 265ST, Size : One Size)","https://m.media-amazon.com/images/I/61+hq6IxnbL._AC_UL320_.jpg","https://www.amazon.ca/dp/B0C4KX3VHL","0.0","0","317.28","0.0","Digital Media Devices","False","0"
"B0CG98H17S","YETTASBIN Blue Marble Universal Baby Stroller Bag, Large Stroller Caddy Organizer with Detachable Secure Hook, Bottle Holders & Adjustable Strap for Diaper Phone Toy Travel Shop Outside","https://m.media-amazon.com/images/I/610n-Z+bH-L._AC_UL320_.jpg","https://www.amazon.ca/dp/B0CG98H17S","0.0","0","21.85","0.0","Baby Strollers","False","0"
"B0C89RZ32G","Small Broom - Indoor or Outdoor Portable Broom with Adjustable Handle, Cleaning Little Helper for Housekeeping, Office, Working Desk, and Pet Nest(White&Blue)","https://m.media-amazon.com/images/I/51bJ1eXcuXL._AC_UL320_.jpg","https://www.amazon.ca/dp/B0C89RZ32G","3.6","9","25.44","0.0","Janitorial  Sanitation Supplies","False","0"
"B08PF3XWZS","I LOVE YOU Sound Wave Prints - Bronze Foil Soundwave Art in Acrylic Frame Gift for 8th Wedding Anniversary, Birthday, Valentines Day","https://m.media-amazon.com/images/I/71gXjdVV2dL._AC_UL320_.jpg","https://www.amazon.ca/dp/B08PF3XWZS","0.0","0","30.61","0.0","Handmade Artwork","False","0"
"B0CKSHW99W","BESPORTBLE 60 Pcs lure bait sequins fishing lures for bass fresh water fishing bait fresh water sinking hook","https://m.media-amazon.com/images/I/61ok303J47L._AC_UL320_.jpg","https://www.amazon.ca/dp/B0CKSHW99W","0.0","0","0.0","0.0","Pest Control","False","0"
"B06XTSTMTN","Maybelline New York Master Precise Ink Metallic Liquid Liner, Black Comet, 0.06 Fluid Ounce","https://m.media-amazon.com/images/I/615YUBihKLL._AC_UL320_.jpg","https://www.amazon.ca/dp/B06XTSTMTN","4.1","2422","9.99","13.99","Makeup","False","0"
"B0BVW7JXJB","4pcs Excavation Sand Shovel Sandbox Toys Kidult Toys Outdoor Toys Beach Sand Sand Scoop Summer Sand Shovels Tableware Pp Multipurpose Outdoor Playset","https://m.media-amazon.com/images/I/61p77gyqYXL._AC_UL320_.jpg","https://www.amazon.ca/dp/B0BVW7JXJB","0.0","0","14.81","0.0","Sandboxes  Beach Toys","False","0"
"B0BJKSN1V2","Women's Does not Apply Ms. ACE.ESF.Blue. Quartz Watch, Silver, Bracelet","https://m.media-amazon.com/images/I/61jqtvYxY8L._AC_UL320_.jpg","https://www.amazon.ca/dp/B0BJKSN1V2","0.0","0","195.05","0.0","Women's Watches","False","0"
"B09Y4HST1M","Carnelian Double Terminated Crystal Necklace in Stainless Steel","https://m.media-amazon.com/images/I/513kPZY+mtL._AC_UL320_.jpg","https://www.amazon.ca/dp/B09Y4HST1M","0.0","0","96.5","0.0","Handmade Jewellery","False","0"
"B09H2JCXZP","Ideal 61-757 - 600A AC/DC TRMS TightSight Clamp Meter","https://m.media-amazon.com/images/I/51sVLLIhF5L._AC_UL320_.jpg","https://www.amazon.ca/dp/B09H2JCXZP","4.5","15","299.72","0.0","Test, Measure  Inspect","False","0"
"B075QQ78BR","Vegepod - Raised Garden Bed - Self Watering Container Garden Kit with Protective Cover, Easily Elevated to Waist Height, 10 Years Warranty (Large)","https://m.media-amazon.com/images/I/81QMGL8q-eL._AC_UL320_.jpg","https://www.amazon.ca/dp/B075QQ78BR","4.5","665","499.5","0.0","Garden Structures  Germination Equipment","False","0"
"B0C49CZ7SW","Massage Hammer for Eye Soreness Relief, Easy Using Muscle Relax Back Eye Massage Hammer for Health Care, Ergonomic Body Massager Tool with Long Handle, Portable Manual Massage Stick for Home Office","https://m.media-amazon.com/images/I/41kkU7zcM3L._AC_UL320_.jpg","https://www.amazon.ca/dp/B0C49CZ7SW","0.0","0","16.99","0.0","Salon  Spa Equipment","False","0"
"B07STXF7D8","Lorde INSPIRED Print/Poster","https://m.media-amazon.com/images/I/A1fZQpKw0BS._AC_UL320_.jpg","https://www.amazon.ca/dp/B07STXF7D8","0.0","0","8.49","0.0","Handmade Artwork","False","0"
"B0B56MMLBV","WRAPAHOLIC 56"" Large Baby Girl Plastic Gift Bag - Pink Baby Girl Design for Baby Shower, Kids Birthdays, Parties, Celebrating, or Any Occasion - 56"" H x 36"" W","https://m.media-amazon.com/images/I/81Dptss0QUL._AC_UL320_.jpg","https://www.amazon.ca/dp/B0B56MMLBV","4.7","64","9.45","0.0","Stationery  Party Supplies","False","0"
"B0C7GVSSZ3","MXIAOXIA Stainless Steel Safety Padlock Hasp Door Clasp Gate Lock Latch for Marine Boat Cabinet, Drawer, Drawer - Sliver","https://m.media-amazon.com/images/I/41zGsdljnPS._AC_UL320_.jpg","https://www.amazon.ca/dp/B0C7GVSSZ3","0.0","0","153.97","0.0","Locks  Hasps","False","0"
"B0CF5Q436R","Monkey Costume Monkey Ears Headband Bowtie and Tail for Monkey Cosplay Party Halloween Costume for adult","https://m.media-amazon.com/images/I/71y30yz2KNL._AC_UL320_.jpg","https://www.amazon.ca/dp/B0CF5Q436R","0.0","0","11.66","0.0","Women's Accessories","False","0"
"B01N46LB0C","Herban Cowboy - Moisturizing Body Wash Love - 18 oz.","https://m.media-amazon.com/images/I/71GCpzLuntL._AC_UL320_.jpg","https://www.amazon.ca/dp/B01N46LB0C","4.4","43","20.95","24.99","Bath  Body","False","0"
"B082TLPR2J","Harwerrel Quick Release L Bracket QR Plate Vertical Shooting Arca Swiss Compatible for Tripod Head Ballhead DSLR Camera with 1/4 Inch Screw","https://m.media-amazon.com/images/I/51uJlWIsfML._AC_UL320_.jpg","https://www.amazon.ca/dp/B082TLPR2J","4.4","92","19.99","0.0","Camera  Photo","False","0"
"B0BTXWSF92","Glad Roomate White Garbage Container Bin, 15L - 30256 & White Garbage Bags - Small 25 litres - Febreze Fresh Clean Scent, 100 Trash Bags","https://m.media-amazon.com/images/I/51qhMqL8oWL._AC_UL320_.jpg","https://www.amazon.ca/dp/B0BTXWSF92","0.0","0","39.14","0.0","Paper  Plastic Household Supplies","False","0"
"B0BLNJDFDH","Mastery Mart LED Light Bulbs 60W Equivalent, 9W Bright White Led Bulbs A19, 5000K Bright Daylight White, E26 Standard Base, 800 Lumens, Non-Dimmable, Energy Star, UL Listed, 6 Pack","https://m.media-amazon.com/images/I/61X2NXhY1-L._AC_UL320_.jpg","https://www.amazon.ca/dp/B0BLNJDFDH","4.7","188","23.99","0.0","Industrial  Scientific","False","50"
"B07HCXFQ8P","SteelRival 650 Quantum Wir Gaming Mouse - Rapid Charging Battery - 12, 000 Cpi Truemove3+ Dual Optical Sensor - Low 0.5 Lift-Off Distance - 256 Weight Configurations - 8 Zone RGB Lighting, black","https://m.media-amazon.com/images/I/71ZtSH66n4L._AC_UL320_.jpg","https://www.amazon.ca/dp/B07HCXFQ8P","4.2","2620","102.32","146.99","Keyboards, Mice  Input Devices","False","0"
"B0CHWN3NSV","FOYTOKI 1 Set Beach Toys Kids playset Toys for Kids Sand Clock Toy Shovel Toy Cassia Sand Bucket Child Large","https://m.media-amazon.com/images/I/61nzJoOKEVL._AC_UL320_.jpg","https://www.amazon.ca/dp/B0CHWN3NSV","0.0","0","23.11","0.0","Swimming Pool  Outdoor Water Toys","False","0"
"B09PZJ9PJJ","Men's Hunting Ring Black Tungsten Wedding Band Deer Nature Outdoors 8MM","https://m.media-amazon.com/images/I/61ywywoDTdL._AC_UL320_.jpg","https://www.amazon.ca/dp/B09PZJ9PJJ","4.7","4","26.99","0.0","Men's Jewelry","False","0"
"B095C78F7P","Men's Gel-Venture 8 Size 1011A826","https://m.media-amazon.com/images/I/61d5Csh7KIL._AC_UL320_.jpg","https://www.amazon.ca/dp/B095C78F7P","4.2","51","0.0","0.0","Men's Shoes","False","0"
"B00BO2ERG6","3 pc 10"" Throwing Knives w-Sheath. No Ship CA NY MA","https://m.media-amazon.com/images/I/81qWeqGygrL._AC_UL320_.jpg","https://www.amazon.ca/dp/B00BO2ERG6","4.4","1036","53.69","0.0","Hunting  Fishing","False","0"
"B0C9WP847D","OSALADI 5pcs Right Angle Bracket Shelf Brackets Metal Corner Brackets 90 Degree Bracket Support Joint Right Angle Bracket Right Angle Corner Brace Silver Thicken Corner Frame","https://m.media-amazon.com/images/I/41+gIePgFIL._AC_UL320_.jpg","https://www.amazon.ca/dp/B0C9WP847D","0.0","0","9.94","0.0","Shelf Brackets  Supports","False","0"
"B0BJNZBR1Y","Toilet Bowl Brush and Holder, 2-in-1 Head of Silicone and Nylon Bristles, White Flat Toilet Scrubber for Bathroom, Wall Mounted or Standing","https://m.media-amazon.com/images/I/41Ixo8eN8mL._AC_UL320_.jpg","https://www.amazon.ca/dp/B0BJNZBR1Y","4.1","66","24.67","0.0","Household Cleaning Tools","False","0"
"B07FFPFT93","10PCS 16ER AG60 / 16IR AG60 CNC Lathe Indexable Threading Carbide Turning Insert Blade (16IR AG60)","https://m.media-amazon.com/images/I/51Tn-uWtT-L._AC_UL320_.jpg","https://www.amazon.ca/dp/B07FFPFT93","4.5","2","31.65","0.0","Cutting Tools","False","0"
"B0009PXCEM","Star brite Super Orange Citrus Bilge Cleaner - Biodegradable, Easy to Use - Pour in, Run Boat, Pump Out - Emulsifies Oil, Fuel & Leaves Bilge Clean with a Fresh Citrus Scent","https://m.media-amazon.com/images/I/614TkoZOQoL._AC_UL320_.jpg","https://www.amazon.ca/dp/B0009PXCEM","4.6","677","54.77","0.0","Boating  Watersports","False","0"
"B07DWP2LS7","Hallmark Pop Up Birthday Card (Chocolate Cake)","https://m.media-amazon.com/images/I/91W1px3y2nL._AC_UL320_.jpg","https://www.amazon.ca/dp/B07DWP2LS7","4.5","5053","9.29","0.0","Stationery  Party Supplies","False","0"
"B0C85DFFWF","Golf Groove Sharpener Cleaner, Re-Grooving Golf Club Groove Cleaner Sharpener Tool, Anti-Skid Grip Golf Accessories for Wedges & Irons, Suitable for U & V-Grooves, Golf Accessories for Women (Blue)","https://m.media-amazon.com/images/I/710+n5YX25L._AC_UL320_.jpg","https://www.amazon.ca/dp/B0C85DFFWF","0.0","0","13.99","14.99","Golf Equipment","False","0"
"B0B3S51BRL","6b47 Helmet and Goggle Cover EMR and at CAMO Covers","https://m.media-amazon.com/images/I/61JlNoEu1XL._AC_UL320_.jpg","https://www.amazon.ca/dp/B0B3S51BRL","0.0","0","30.84","0.0","Snow  Ice Sports","False","0"
"B09B3MHBZQ","4 Pcs Blank Satin Sashes, Hen Party Sashes,for Hen Party, Bachelorette Party,Homecoming, Wedding,White,158 x 9.5 cm","https://m.media-amazon.com/images/I/51XMC1yp72S._AC_UL320_.jpg","https://www.amazon.ca/dp/B09B3MHBZQ","4.1","12","13.8","0.0","Stationery  Party Supplies","False","0"
"B0BD897T6R","THE GYM PEOPLE Women's Long Sleeve Compression Shirts Workout Tops Cross Hem Athletic Running Yoga T-Shirts with Thumb Hole","https://m.media-amazon.com/images/I/51WYMrfLgtL._AC_UL320_.jpg","https://www.amazon.ca/dp/B0BD897T6R","4.2","454","31.99","0.0","Team Sports","False","0"
"B0C9ZRQDRV","Pinkiwine 24 PCS Halloween 5D DIY Diamond Painting Stickers for Kids Halloween Crafts Toys Party Favors Gifts","https://m.media-amazon.com/images/I/71PjwuBQfJL._AC_UL320_.jpg","https://www.amazon.ca/dp/B0C9ZRQDRV","0.0","0","25.29","0.0","Arts  Crafts Supplies","False","0"
"B09SWHM5S8","Seiren Mini Desktop Microphone Stand with Shock Mount, Foam Windscreen, Adjustable Mic Stand with Pop Filter Shockmount Reduces Vibration Noise for Razer Seiren Mini USB Streaming Microphone Frgyee","https://m.media-amazon.com/images/I/71UoVSZ+GQS._AC_UL320_.jpg","https://www.amazon.ca/dp/B09SWHM5S8","4.1","5","37.99","0.0","Musical Instruments, Stage  Studio","False","0"
"B08MTK9MTC","Uogic Pen for Microsoft Surface, [Upgraded] 4096 Pressure Sensitivity Palm Rejection Stylus, Compatible with New Surface Pro 8 & Pro 7/Laptop Studio/Go 3/Duo 2","https://m.media-amazon.com/images/I/51xhdXky8JL._AC_UL320_.jpg","https://www.amazon.ca/dp/B08MTK9MTC","4.2","1673","40.99","0.0","Tablet Accessories","False","0"
"B000WL9YG8","Schneider Leuchtelement Dauerlicht grn","https://m.media-amazon.com/images/I/71EWM0-yLYL._AC_UL320_.jpg","https://www.amazon.ca/dp/B000WL9YG8","0.0","0","179.66","0.0","Computer Cable Adapters","False","0"
"B08FBCRL51","Jewellers Loupe, Loupe Magnifier, 2pcs 20x Timepiece Repair Magnifier Watch Magnifying Glass Watchmaker Loupe Tool","https://m.media-amazon.com/images/I/51AtjF-5bkL._AC_UL320_.jpg","https://www.amazon.ca/dp/B08FBCRL51","2.9","5","9.45","0.0","Shoe, Jewelry  Watch Accessories","False","0"
"B074F8D4QF","Mizuno 2018 ThermaGrip Men's Golf Gloves (Pair of Gloves)","https://m.media-amazon.com/images/I/818DEi2koGL._AC_UL320_.jpg","https://www.amazon.ca/dp/B074F8D4QF","4.3","400","30.48","0.0","Golf Equipment","False","0"
"B0CJ8H48LQ","Tasse Je N'ai Pas 60 Ans Mais 18","https://m.media-amazon.com/images/I/71DjZzkKzLL._AC_UL320_.jpg","https://www.amazon.ca/dp/B0CJ8H48LQ","0.0","0","24.0","0.0","Handmade Kitchen  Dining","False","0"
"B01MSH3SN7","Sunstar 614D GUM Proxabrush Go-Betweens Wide Refill, Nylon Triangular Shaped Bristle, Pack of 8","https://m.media-amazon.com/images/I/71kVYr9iJ1L._AC_UL320_.jpg","https://www.amazon.ca/dp/B01MSH3SN7","4.5","437","14.29","0.0","Oral Hygiene Products","False","0"
"B0C7GPHRW1","FVQL Set of 2 Bouffant Caps with Hairband Surgical Caps Scrub Cap, Hand Drawn Pattern Leaf and Fruit","https://m.media-amazon.com/images/I/71o5Tmge1+L._AC_UL320_.jpg","https://www.amazon.ca/dp/B0C7GPHRW1","0.0","0","33.97","0.0","Professional Medical Supplies","False","0"
"B098SX927Q","PandaSew 20pcs 8x8cm Linen Drawstring Jewelry Pouch Packaging Bag for Gift Necklace Earrings Rings","https://m.media-amazon.com/images/I/81J+GDg3aeS._AC_UL320_.jpg","https://www.amazon.ca/dp/B098SX927Q","4.5","2","27.07","0.0","Shoe, Jewelry  Watch Accessories","False","0"
"B0C49D7TTX","ZJN100 NO Normally Open Style 12V 24V 36V 48V 60V 72V 100A DC Contactor for Motor Forklift Electromobile Grab Wehicle Car 1Pcs (Color : 48V)","https://m.media-amazon.com/images/I/61o8v8SpmKL._AC_UL320_.jpg","https://www.amazon.ca/dp/B0C49D7TTX","0.0","0","435.85","0.0","Material Transport Equipment","False","0"
"B01D2850M4","MyGift Set of 3 Rustic Wood & Gold Tone Metal Jewelry Organizers/Necklace & Bracelet Hook Racks/Earring Bar","https://m.media-amazon.com/images/I/81smAXFVbnL._AC_UL320_.jpg","https://www.amazon.ca/dp/B01D2850M4","4.5","1029","32.99","0.0","Shoe, Jewelry  Watch Accessories","False","0"
"B09HL91GRD","LEGO Avengers Endgame Minifigure - Thor with Stormbreaker (76126)","https://m.media-amazon.com/images/I/51Fs-MN3vhL._AC_UL320_.jpg","https://www.amazon.ca/dp/B09HL91GRD","4.5","15","14.88","17.95","Building  Construction Toys","False","0"
"B0C6NMD7T8","Abaodam 8pcs Box Buckle Jewelry Box Wooden Vintage Accessories Tool Box Metal Stainless Steel Box Hasp Spring Loaded Buckle Metal Drawer Hasp Box Buckles Box Hasp Accessories Case Buckle","https://m.media-amazon.com/images/I/51uJsEzYsfL._AC_UL320_.jpg","https://www.amazon.ca/dp/B0C6NMD7T8","0.0","0","19.24","0.0","Locks  Hasps","False","0"
"B0CHQWC1ZC","Mobile Header,USB 3.0 19pin Adapter to Dual 9Pin Adapter Black PCB Metal Plastic 480Mbps USB 3.0 Female Header Splitter for Win","https://m.media-amazon.com/images/I/61jJ5SLACNL._AC_UL320_.jpg","https://www.amazon.ca/dp/B0CHQWC1ZC","0.0","0","11.53","0.0","Computer Cable Adapters","False","0"
"B09KBJLL2R","Peaky Hat Flat Cap for Men,Octagonal Paperboy Irish Plate Baker Boy Cap Beret,Newsboy Cabbie Gatsby Hat","https://m.media-amazon.com/images/I/714pO6yC6XL._AC_UL320_.jpg","https://www.amazon.ca/dp/B09KBJLL2R","4.3","4477","25.99","0.0","Men's Accessories","True","50"
"B009YVLE3S","Fabriano Studio Watercolor Pad, Hot-Press, 9"" x 12"", 140 lb, 50 Sheets, White","https://m.media-amazon.com/images/I/7110tSU+XVL._AC_UL320_.jpg","https://www.amazon.ca/dp/B009YVLE3S","4.6","182","47.99","0.0","Arts  Crafts Supplies","False","0"
"B0C1GH76VZ","Gifts for Granddaughter/Niece/Teen Girls/Boys, Natural Stone Adjustable Bracelet, Birthday Graduation Back to School Gifts for Teens Teenage Girls Gifts Ideas","https://m.media-amazon.com/images/I/81QvB-2eVuL._AC_UL320_.jpg","https://www.amazon.ca/dp/B0C1GH76VZ","5.0","10","19.99","0.0","Boys","False","0"
"B0B34T9NR9","Polo Ralph Lauren mens Classic Sport Solid Socks 6 Pair Pack - Cushioned Cotton Comfort","https://m.media-amazon.com/images/I/91SEASAE9zL._AC_UL320_.jpg","https://www.amazon.ca/dp/B0B34T9NR9","4.5","77","48.67","53.57","Team Sports","False","0"
"B08DF8G44G","Franklin Sports Spartan Spyderball Game Set - Includes 3 Balls, Carrying Case and Rules - Played Outdoors, Indoors, Yard, Lawn, Beach - Durable Tight Net","https://m.media-amazon.com/images/I/91SP1ZN7UYL._AC_UL320_.jpg","https://www.amazon.ca/dp/B08DF8G44G","4.2","27","51.68","0.0","Toy Sports Equipment","False","0"
"B004L3VMJA","Omega Nutrition Flax Seed Oil, 16-Ounce","https://m.media-amazon.com/images/I/716BhGonscL._AC_UL320_.jpg","https://www.amazon.ca/dp/B004L3VMJA","4.7","19","16.32","0.0","Vitamins, Minerals  Supplements","False","0"
"B09ND7W6PM","TOARTi The Adventure Begins Wooden Hanging Sign,Woodland Nursery Decor,Bear Mountain Inspirational Quotes Wooden Plank Sign for Home Cabin Decor，Forest Camping Sign for Camper Decor (12”X 12”)","https://m.media-amazon.com/images/I/51JSZjpIJ2L._AC_UY218_.jpg","https://www.amazon.ca/dp/B09ND7W6PM","4.2","70","17.99","0.0","Home Décor","False","0"
"B0CH4Y3XWM","Portable Scaffolding Equipment,Adjustable Height Platform Step Up Bench Ladder, Hop Up Work Platform, Scaffolding Step Equipment, Galvanized Steel Welding,180 * 40cm","https://m.media-amazon.com/images/I/71T+ivfdKWL._AC_UL320_.jpg","https://www.amazon.ca/dp/B0CH4Y3XWM","0.0","0","793.98","0.0","Ladders","False","0"
"B0863CFLHQ","SlowTon Equestrian Horse Spread Whips, Horse Riding Bullwhip Costume Accessories with PU Leather Handle Training Tool for Horse Play Harness Handle Whip Party Cosplay","https://m.media-amazon.com/images/I/615Obq00mEL._AC_UL320_.jpg","https://www.amazon.ca/dp/B0863CFLHQ","4.4","242","17.99","0.0","Sex  Sensuality Products","False","0"
"B081DV95MC","Petite Green Nano Emerald and White Cubic Zirconia 925 Sterling Silver Promise Ring","https://m.media-amazon.com/images/I/71ORlpGmYYL._AC_UL320_.jpg","https://www.amazon.ca/dp/B081DV95MC","4.5","574","27.79","0.0","Women's Jewelry","False","0"
"B0BPSLRDW8","Tangkula Foldable Beach Lounge Chair for Outdoor, Reclining Chair with Removable Headrest, 4-Position Adjustable Backrest, Portable Chaise Lounger for Yard, Patio, Beach, Camping (1, Grey)","https://m.media-amazon.com/images/I/71ynAYn256L._AC_UL320_.jpg","https://www.amazon.ca/dp/B0BPSLRDW8","4.4","7","109.99","115.99","Patio Furniture  Accessories","False","0"
"B0B635KBYS","VEVOR Plastic Raised Garden Bed, 2 Pcs Plastic Planter Grow Box, 15.7"" x 15.7"" x 9.1"" Self-Watering Elevated Garden Planter, Brown Raised Planter Box for Flowers, Vegetables, Herbs, Indoor/Outdoor","https://m.media-amazon.com/images/I/71GlZDbsxWL._AC_UL320_.jpg","https://www.amazon.ca/dp/B0B635KBYS","3.2","4","63.82","0.0","Farming  Urban Agriculture","False","0"
"B01F42TJQ4","Kaweco Mini Piston Converter for Sport Pens","https://m.media-amazon.com/images/I/41DlLFZwJQL._AC_UL320_.jpg","https://www.amazon.ca/dp/B01F42TJQ4","4.3","2449","13.99","0.0","Office Products","False","0"
"B0BCH73RZ3","Ladies Digital Watches Womens Digital Watch 6 Pcs Unique Finger Ring Watch Retro Finger Watch Flip- Open Cover Finger Watch Men's Minimalist Watch Womens Digital Watch","https://m.media-amazon.com/images/I/71B0iZbvMjL._AC_UL320_.jpg","https://www.amazon.ca/dp/B0BCH73RZ3","0.0","0","26.93","0.0","Women's Watches","False","0"
"B0BRW1WBDQ","8Pcs Upgrade Mini Caster Wheels for Small Appliances, 360°Rotation Self Adhesive Caster Wheels, Stainless Steel Rollers Universal Wheel for Trash Can, Storage Bins, White, ZUOFANG","https://m.media-amazon.com/images/I/51MBHF6queL._AC_UL320_.jpg","https://www.amazon.ca/dp/B0BRW1WBDQ","4.3","23","18.31","0.0","Industrial Hardware","False","0"
"B0B13XDQRG","Pellethead Replacement Fasco D1092 Condensor Motor: Replaces Part 7184-0156, 7184-0432, 1468-306, 1468-3069, 7855MVA-A11U","https://m.media-amazon.com/images/I/4165mJcVFhL._AC_UL320_.jpg","https://www.amazon.ca/dp/B0B13XDQRG","4.6","35","0.0","0.0","Electrical Equipment","False","0"
"B08P3C4JKF","Rngeo 2 Pack Tri-fold Golf Towel Set, Microfiber Fabric Waffle Pattern Towels, Heavy Duty Carabiner Clip (2 Pcs, 2 Colors)","https://m.media-amazon.com/images/I/81MwiTxAlpL._AC_UL320_.jpg","https://www.amazon.ca/dp/B08P3C4JKF","4.5","243","15.99","16.99","Golf Equipment","False","0"
"B07Z4JGM19","Chain Jewelry Anime Theme Ninja Naruto Glass Pendant Necklace Classic Anime Naruto Glass Dome Necklace","https://m.media-amazon.com/images/I/519+LfVxUsL._AC_UL320_.jpg","https://www.amazon.ca/dp/B07Z4JGM19","0.0","0","10.72","0.0","Boys","False","0"
"B08C4LZCRP","Unisex Electric Heated Insoles Warm Shoe Inserts for Shoes Boot Keep Warm Shoe Pad(35-39)","https://m.media-amazon.com/images/I/51I+RmjL6eL._AC_UL320_.jpg","https://www.amazon.ca/dp/B08C4LZCRP","4.0","1","7.18","0.0","Shoe, Jewelry  Watch Accessories","False","0"
"B0B5Q3RVF2","Car Animals Children's Cakes Decorations Resin Cute Mini Ornaments Toys Interior Figurines Small Cartoon Garage Kits Cream Heroes Plush (C, One Size)","https://m.media-amazon.com/images/I/4149JkOnSqL._AC_UL320_.jpg","https://www.amazon.ca/dp/B0B5Q3RVF2","0.0","0","13.38","0.0","Toy Gardening Equipment","False","0"
"B0BFD4RLQQ","SKYLET Compatible with Fitbit Versa 3 Bands/Fitbit Sense Bands for Women Men, 3 Pack Sport Breathable Silicone Replacement Straps Wristbands for Sense/Versa 3 Bands","https://m.media-amazon.com/images/I/71iuTvTupAL._AC_UL320_.jpg","https://www.amazon.ca/dp/B0BFD4RLQQ","4.1","187","18.99","0.0","Electronics  Gadgets","False","0"
"B07V6266TX","Electric Scooter Tire Inflatable Tyre,10X2.5Inch Outer Scooter Replacement Tire for Electric Scooter Balance Drive Bicycle Tyre Accessory","https://m.media-amazon.com/images/I/51RLNM-FkaL._AC_UL320_.jpg","https://www.amazon.ca/dp/B07V6266TX","5.0","2","37.12","0.0","Bikes, Scooters  Ride-Ons","False","0"
"B09B7H9PXX","Marwood Under Door Draft Stopper Decorative Wind Stopper 36 inch for Door & Window, Weighted Animal Air Draft Stopper Snake Noise Blocker for Bottom of Door with Hanging Loops - Brown Dog","https://m.media-amazon.com/images/I/8137CWhbXqL._AC_UY218_.jpg","https://www.amazon.ca/dp/B09B7H9PXX","4.6","980","26.99","0.0","Home Décor","False","50"
"B09CDB6RMX","Black Onyx Ring, Onyx jewelry, Sterling Silver, Bohemian Ring, Onyx Jewelry, Promise Ring, Healing Stone Ring, Boho Ring, Vintage Ring, Women Ring, December Birthstone","https://m.media-amazon.com/images/I/615a+kS-iIL._AC_UL320_.jpg","https://www.amazon.ca/dp/B09CDB6RMX","0.0","0","28.0","0.0","Handmade Jewellery","False","0"
"B072YS3PVM","Care Check Lens Wipes, 300 Pre-Moistened Cleaning Wipes for Cameras, Laptops, Cell Phones, Eyeglasses, Other Screens and More","https://m.media-amazon.com/images/I/71yqGLZCCtL._AC_UL320_.jpg","https://www.amazon.ca/dp/B072YS3PVM","4.5","2812","27.41","0.0","Vision Care Products","False","0"
"B0932JRGY7","Sword Drop Dangle Small Hoop Earrings for Women Girls Men Stainless Steel Engrave Animal Cross Dagger Halloween Statement Charms Drop Dangling Hoops Cuff Cartilage Wrap Hypoallergenic Vintage Punk Pray Jewelry Gifts, Metal, not known","https://m.media-amazon.com/images/I/51MGz5RLnlS._AC_UL320_.jpg","https://www.amazon.ca/dp/B0932JRGY7","4.4","387","12.0","16.06","Women","False","0"
"B001CJNYW4","Diablo D1006DH Freud 10-Inch by 6 Tooth Polycrystalline Diamond Tipped TCG Hardie Fiber Cement Saw Blade 5/8-Inch Arbor Perma-Shield Coated, One Size, Multi","https://m.media-amazon.com/images/I/61jjl2We9NL._AC_UL320_.jpg","https://www.amazon.ca/dp/B001CJNYW4","4.8","582","135.07","0.0","Power  Hand Tools","False","0"
"B09WX244CP","Jasper earrings","https://m.media-amazon.com/images/I/31UkN+7R4FL._AC_UL320_.jpg","https://www.amazon.ca/dp/B09WX244CP","0.0","0","121.72","0.0","Handmade Jewellery","False","0"
"B0B2QWDRSK","Personalized Leather Keychain, Custom Leather Key Chain, Coordinates Key Chain Longitude-Latitude Keychain, Retro Distressed Leather Belt Key Holder, Personalized Best Gift","https://m.media-amazon.com/images/I/71atkCGVi4L._AC_UL320_.jpg","https://www.amazon.ca/dp/B0B2QWDRSK","0.0","0","28.5","0.0","Handmade Clothing, Shoes  Accessories","False","0"
"B0886L3MT9","Tea Forte Cherry Blossom Hanami Green Tea Event Box, Bulk Pack of 48 Pyramid Infuser Tea Sachets for All Occasions","https://m.media-amazon.com/images/I/71Bf+nhLGJL._AC_UL320_.jpg","https://www.amazon.ca/dp/B0886L3MT9","4.8","7","62.64","0.0","Grocery","False","0"
"B08DNSSLC5","8 Pieces Adjustable Hoverboard Straps Hook and Loop Fastening Hoverboard Cable Hoverboard Replacement Straps for Kart Accessories Self Balance Scooter","https://m.media-amazon.com/images/I/9148scZhXZL._AC_UL320_.jpg","https://www.amazon.ca/dp/B08DNSSLC5","4.4","1086","19.52","0.0","Bikes, Scooters  Ride-Ons","False","0"
"B07W3RSDVY","Men's Guitar Song Titles Slim Fit T-Shirt Black","https://m.media-amazon.com/images/I/61EL52jAqSL._AC_UL320_.jpg","https://www.amazon.ca/dp/B07W3RSDVY","4.7","6","23.4","0.0","Novelty  Special Use Clothing","False","0"
"B0B6PN5NBH","Women's 15Pairs Statement Drop Dangle Earrings Gold Stud Earrings for& Fashion Big Geometric Earrings for Girls, Hanging Earring Set Jewelry Gifts","https://m.media-amazon.com/images/I/71ri0dwNmBL._AC_UL320_.jpg","https://www.amazon.ca/dp/B0B6PN5NBH","4.2","11","22.99","0.0","Women's Jewelry","False","0"
"B0C28GFY47","Newtree Organic Ceylon Vegan Coconut Milk -3.6 Fl.oz 400 Ml (pack Of 12)- Unsweetened, Gluten & Dairy free, Organic Coconut Milk For Curries, Drinks, Smoothies, and Desserts -","https://m.media-amazon.com/images/I/61UUo8UYeWL._AC_UL320_.jpg","https://www.amazon.ca/dp/B0C28GFY47","2.5","3","29.99","0.0","Grocery","False","0"
"B0C5QBZ5M6","African Safari Wall Decal Africa Wild Animals Sign Nature Tree Elephant Vinyl Sticker Home Playroom Bedroom Decor Wall Art Nursery Mural Y65 (Black)","https://m.media-amazon.com/images/I/81UfydVQ9hL._AC_UL320_.jpg","https://www.amazon.ca/dp/B0C5QBZ5M6","0.0","0","16.9","0.0","Nursery Furniture, Bedding  Décor","False","0"
"B07K84Q73V","Amrxuts 234-4407 Downstream O2 Oxygen Sensor for Chevy Silverado Express 1500 2500 3500 Impala Malibu Suburban Tahoe, for GMC Savana Sierra Yukon Envoy 234-4647","https://m.media-amazon.com/images/I/511SdJw-1+L._AC_UL320_.jpg","https://www.amazon.ca/dp/B07K84Q73V","4.6","10","39.99","0.0","Automotive Replacement Parts","False","0"
"B08TX1TXTL","Puccy 2 Pack Anti Blue Light Screen Protector Film, compatible with Dell Alienware Optx AW2210 21.5"" Display Monitor TPU Guard （ Not Tempered Glass Protectors ）","https://m.media-amazon.com/images/I/51zfvCAbMWL._AC_UL320_.jpg","https://www.amazon.ca/dp/B08TX1TXTL","0.0","0","40.99","0.0","Computer Monitor Accessories","False","0"
"B004V3ZGYC","Maglite Mini Mag Flashlight Bulb Card","https://m.media-amazon.com/images/I/61tjRSsJjbL._AC_UL320_.jpg","https://www.amazon.ca/dp/B004V3ZGYC","4.3","324","13.98","0.0","Flashlights","False","0"
"B0C16SJLYT","TEEROK T18 Brushless Motor Drones for Adults with Camera 1080P long range, FPV Drone 5G Transmission 100m, Foldable RC Quadcopter, Optical Flow, 30 Mins Flight Time with 2 Batteries, Carrying Case","https://m.media-amazon.com/images/I/713BiY2DGXL._AC_UL320_.jpg","https://www.amazon.ca/dp/B0C16SJLYT","4.0","35","89.99","0.0","Camera  Photo","False","0"
"B0CJNLMYXH","MYOBU 2pcs/kit LED Strips, Suitable for 32 TV 32LEM-1019/T2C 32LEM1029/T2C 32LEX-5027/T2C C320X15 E6 H G1 RF BS320E30 0701S 17 B0 Fit for BBK lightbar","https://m.media-amazon.com/images/I/51gUPTgnGCL._AC_UL320_.jpg","https://www.amazon.ca/dp/B0CJNLMYXH","0.0","0","39.49","0.0","Televisions","False","0"
"B0CCJBNBNW","Fly5D Dent Repair Tools With Professional 100w Hot Glue Gun with 10pcs Tricolor Glue Sticks for Car Hail Damage and Door Dings Repair","https://m.media-amazon.com/images/I/61ZWvL1CMkL._AC_UL320_.jpg","https://www.amazon.ca/dp/B0CCJBNBNW","0.0","0","15.99","0.0","Automotive Tools  Equipment","False","0"
"B0BZSJ11D2","Gravel Stabilizer Geogrid, Heavy Duty Ground Driveway Grid System Crushed Limestone Paving Pad for Wall Reinforcement Erosion Control Traffic Areas Pathways Parking (Color : W x L, Size : 3x19ft/1x6","https://m.media-amazon.com/images/I/71fRRvBuDEL._AC_UL320_.jpg","https://www.amazon.ca/dp/B0BZSJ11D2","0.0","0","96.18","0.0","Outdoor Storage  Housing","False","0"
"B09H1653PD","Western Digital 250GB WD Red SN700 NVMe Internal Solid State Drive SSD for NAS Devices - Gen3 PCIe, M.2 2280, Up to 3,100 MB/s - WDS250G1R0C","https://m.media-amazon.com/images/I/612zWbxDzDL._AC_UL320_.jpg","https://www.amazon.ca/dp/B09H1653PD","4.8","21","125.55","0.0","Data Storage","False","0"
"B002INUIVS","3M 04247 Super Fast Plastic Repair - 200 ml","https://m.media-amazon.com/images/I/71NqigK6NoL._AC_UL320_.jpg","https://www.amazon.ca/dp/B002INUIVS","4.4","261","97.0","0.0","Automotive Care","False","0"
"B0CK4HD46P","SAFIGLE 300 pcs toy for adult toys adault toys gold medal toy medals the medal decorate aldult child","https://m.media-amazon.com/images/I/51TXtKt0hbL._AC_UL320_.jpg","https://www.amazon.ca/dp/B0CK4HD46P","0.0","0","0.0","0.0","Awards","False","0"
"B08HR6TYWR","Smarty Pants Kids Formula Multivitamin/Omega-3 Fish Oil, 180 Gummies","https://m.media-amazon.com/images/I/6190RDF0BJL._AC_UL320_.jpg","https://www.amazon.ca/dp/B08HR6TYWR","4.7","70","0.0","0.0","Vitamins, Minerals  Supplements","False","0"
"B0C7H57SYS","khtumeware 6 Pack Brushed Brass Cabinet Pulls 6 Inch(152MM) Hole Centers Kitchen Brushed Gold Cabinet Handles Cabinet Hardware Kitchen Handles for Cabinets Cupboard Handles Drawer Pulls","https://m.media-amazon.com/images/I/616rJmtVejL._AC_UL320_.jpg","https://www.amazon.ca/dp/B0C7H57SYS","0.0","0","60.41","0.0","Cabinet Hardware","False","0"
"B0864V22PV","TOPPROS 100Xl Series Width 3/8 inch Industrial Timing Belt，Pack of 2","https://m.media-amazon.com/images/I/61RxVc-RoML._AC_UL320_.jpg","https://www.amazon.ca/dp/B0864V22PV","4.3","21","18.47","0.0","Power Transmission Products","False","0"
"B0B9KXGP99","Laminated Heavy Duty Steel Keyed Padlocks, Keyed Alike Locks, Normal Shackle Padlocks, XanHen, 1-9/16""(40mm) Wide Body, Pack of 24","https://m.media-amazon.com/images/I/618Cf96bUCL._AC_UL320_.jpg","https://www.amazon.ca/dp/B0B9KXGP99","4.5","2","105.55","0.0","Locks  Hasps","False","0"
"B099W7JVR3","Gear Shift Lever, Shifting Gears Lever Folding Foot Shifter CNC Knurled Shift Lever Motorcycle Shifter Shift Lever Hand Gear Lever for CG CB NC 125 150 200 250 450 ATV Four Wheel Bike Black","https://m.media-amazon.com/images/I/61LiSb4foNL._AC_UL320_.jpg","https://www.amazon.ca/dp/B099W7JVR3","3.3","14","21.19","0.0","Automotive Interior Accessories","False","0"
"B0BY5DBHV5","Replacement for Kenwood DP-SE7 CD Player Spare Parts Laser Lens Lasereinheit Assy Unit DPSE7 Optical Pickup Bloc Optique (Color : Pink)","https://m.media-amazon.com/images/I/51M1X3s3mdL._AC_UL320_.jpg","https://www.amazon.ca/dp/B0BY5DBHV5","0.0","0","85.37","0.0","DVD Players  Recorders","False","0"
"B0B87M7XPN","1PCS Large Micro Switch D48X High Current 21A250V Water Heater Limit Switch","https://m.media-amazon.com/images/I/51Zkc80t-rL._AC_UL320_.jpg","https://www.amazon.ca/dp/B0B87M7XPN","0.0","0","13.54","0.0","Material Handling","False","0"
"B0BQ68YW8N","Willit Women's Shorts Yoga Lounge Shorts Active Running Workout Shorts Comfy Casual Hiking Travel Shorts with Pockets 2.5""","https://m.media-amazon.com/images/I/71xUFth1OvL._AC_UL320_.jpg","https://www.amazon.ca/dp/B0BQ68YW8N","4.3","149","23.19","28.99","Team Sports","False","0"
"B07R69K8VJ","TEKTON 3/8"" Drive x 3 mm Hex Bit Socket | SHB13200","https://m.media-amazon.com/images/I/61L6OPoSY5L._AC_UL320_.jpg","https://www.amazon.ca/dp/B07R69K8VJ","3.9","21","13.24","0.0","Automotive Tools  Equipment","False","0"
"B08571N2C7","Lubilicious Water Based Personal Lubricant | Men, Women & Couples | Natural Glide Lube plus Fireworks Arousal Gel | Condom Safe","https://m.media-amazon.com/images/I/81xR81SYUaL._AC_UL320_.jpg","https://www.amazon.ca/dp/B08571N2C7","3.6","17","39.99","0.0","Sex  Sensuality Products","False","0"
"B007YOCB4I","Roylco R49621 Roylco Laminated Speech Bubbles, Grade: Kindergarten to 3","https://m.media-amazon.com/images/I/81cpY3deN0L._AC_UL320_.jpg","https://www.amazon.ca/dp/B007YOCB4I","4.4","28","0.0","0.0","Arts  Crafts Supplies","False","0"
"B0B9C9DXC4","Unisex-Adult Classic Minecraft Clogs Clog","https://m.media-amazon.com/images/I/81a-GNuHb+L._AC_UL320_.jpg","https://www.amazon.ca/dp/B0B9C9DXC4","4.7","221","157.92","0.0","Men's Shoes","False","0"
"B09XMMK75M","Link Cable for Oculus Quest 2, AkoaDa 16FT USB A to Type C 3.0 5Gbps VR High Speed Data Transfer & Charging Cable for Oculus Quest 2, Quest Headset and Gaming PC","https://m.media-amazon.com/images/I/71zwvM4bpNL._AC_UL320_.jpg","https://www.amazon.ca/dp/B09XMMK75M","4.0","8","15.99","0.0","Cables  Accessories","False","0"
"B09VFM9WV5","Neck Fan, Portable Bladeless Neck Fans, Personal Rechargeable Fan Wearable for Men Women, 4000mAh Upgraded Cooling Air Volume USB Fan","https://m.media-amazon.com/images/I/71AKBkDUq7L._AC_UL320_.jpg","https://www.amazon.ca/dp/B09VFM9WV5","4.3","791","39.99","0.0","USB Gadgets","False","0"
"B0BGX7Q49G","Camping Chair, Sportneer Lightweight Portable Folding Camping Chairs for Adults Compact Camp Chairs Foldable Backpacking Chair Outdoor Chair for Camping Hiking Beach Lawn Picnic Travel (2, Orange)","https://m.media-amazon.com/images/I/71cAk6LnH8L._AC_UL320_.jpg","https://www.amazon.ca/dp/B0BGX7Q49G","4.2","373","84.99","0.0","Outdoor Gear","False","0"
"B0CH626B3F","JRINK Replacement for Battery Candy RBC006011,RBC007B011,RBC009001,RBC009011,RBC009013,RBC011011,RBC012011","https://m.media-amazon.com/images/I/51cZIzuDbLL._AC_UL320_.jpg","https://www.amazon.ca/dp/B0CH626B3F","0.0","0","0.0","0.0","Computer Uninterrupted Power Supply","False","0"
"B0B82JB29J","3 Pack Lightweight Metal Half Frame Reading Glasses,Spring Hinge Reader Eyeglasses for Women Men,Retro Half Moon-Reading Glasses, Diopter 1.0-3.5 (Color : C, Size : 3.0 x) (A 1.0 x)","https://m.media-amazon.com/images/I/61CkcqKd8OL._AC_UL320_.jpg","https://www.amazon.ca/dp/B0B82JB29J","0.0","0","342.12","0.0","Vision Care Products","False","0"
"B0C8HDRVGQ","Weed Inspired Gifts for Cannabis Lovers Lift Up Your Mood Instantly 11oz 15oz Color Changing Mug","https://m.media-amazon.com/images/I/71yATB2W1dL._AC_UL320_.jpg","https://www.amazon.ca/dp/B0C8HDRVGQ","0.0","0","34.69","0.0","Handmade Kitchen  Dining","False","0"
"B08C4TZSP6","Fielect 12 inches Paper Speaker Cone Subwoofer Cones Drum Paper 1.8 inches Inner Diameter with 4 Cloth Surround 1Pcs","https://m.media-amazon.com/images/I/61ShMZtwp6L._AC_UL320_.jpg","https://www.amazon.ca/dp/B08C4TZSP6","0.0","0","32.39","0.0","Home Audio Speakers","False","0"
"B0CD8C4CYD","Tattoo Machine Power Supply, Tattoo Pen Power Supply 1.5-16V Adjustable Mini 100-240V Powerful for Artist for Salon (US Plug)","https://m.media-amazon.com/images/I/61OuuruXzmL._AC_UL320_.jpg","https://www.amazon.ca/dp/B0CD8C4CYD","0.0","0","35.1","0.0","Tattooing Supplies","False","0"
"B0B215MTBS","Transmitter and Receiver, HD Multimedia Interface Extender Wireless Transmitter and Receiver Supports 1920x1080P 60Hz Up to 328ft 100‑240V(US Plug)","https://m.media-amazon.com/images/I/61QFc-NjkIL._AC_UL320_.jpg","https://www.amazon.ca/dp/B0B215MTBS","0.0","0","211.89","0.0","Digital Media Devices","False","0"
"B07ZX9HZDV","GROWYI Funny Workout Tank Tops Racerback for Women-Strong As A Mother Womens Humor Saying Fitness Gym Sleeveless Shirts","https://m.media-amazon.com/images/I/61nFQOz3RZL._AC_UL320_.jpg","https://www.amazon.ca/dp/B07ZX9HZDV","4.2","40","23.55","0.0","Martial Arts  Combat Sports","False","0"
"B0BMFBMVYC","Christmas Snowman Bath Mat Funny Xmas Snowman in Bathtub Snowy Winter Pine Tree Red Birds Xmas Ball Rugs Non-Slip Bathroom Mat Rug Bath Mats Home Kitchen Door Floor Mat Carpet24x16Inch","https://m.media-amazon.com/images/I/71akmemdysL._AC_UY218_.jpg","https://www.amazon.ca/dp/B0BMFBMVYC","5.0","1","19.99","0.0","Bath Products","False","0"
"B01CCFT81W","4-Pack Replacement for GE GXWH04F Polypropylene Sediment Filter - Universal 10-inch 5-Micron Cartridge for GE Household PRE-Filtration System - Denali Pure Brand","https://m.media-amazon.com/images/I/71fBd72iqLL._AC_UY218_.jpg","https://www.amazon.ca/dp/B01CCFT81W","0.0","0","20.99","0.0","Water Coolers, Filters  Cartridges","False","0"
"B0C1GWNRWL","Outdoor Clear Tarps with Grommets, Heavy Duty Waterproof Tarpaulin Weather Resistance Gazebo Side Panel 0.35 Thick PVC Tarp Multipurpose Plant Cover (Color : Clear, Size : 0.8x1.5m)","https://m.media-amazon.com/images/I/71VIQiK8OcL._AC_UL320_.jpg","https://www.amazon.ca/dp/B0C1GWNRWL","0.0","0","37.28","0.0","Tarps  Tie-Downs","False","0"
"B0BVPP4MTV","Solar Lawn Light,Waterproof Solar Garden Lights - Outdoor Lighting Products Auto On/Off Solar Spot Lights Outdoor for Walkway Aezon","https://m.media-amazon.com/images/I/71H5adM6OZL._AC_UL320_.jpg","https://www.amazon.ca/dp/B0BVPP4MTV","0.0","0","30.89","0.0","Outdoor Lighting Products","False","0"
"B0CJ53HCQ7","Fire Escape Ladder, Rope Ladder Escape Home Lifeline Emergency Fire Outdoor Round Nylon Soft Climbing Engineeaerial Work Fast to Deploy in Weight Capacity Up 2000 Pounds/20M/65.6Ft (15M/49Ft) (10M/33F","https://m.media-amazon.com/images/I/51a-inhSyaL._AC_UL320_.jpg","https://www.amazon.ca/dp/B0CJ53HCQ7","0.0","0","378.0","0.0","Ladders","False","0"
"B072J1BN2C","Stainless Diffusion Stone 0.5 Micron Oxygen Stone Home Brew 1/4""Barb (0.5 Micron 1/4""Barb)","https://m.media-amazon.com/images/I/51ojuEwfcCL._AC_UY218_.jpg","https://www.amazon.ca/dp/B072J1BN2C","0.0","0","9.39","0.0","Home Brewing  Wine Making","False","0"
"B09NMMFSJC","Experiment Magnetic Needle, Rhombus Easy to Operate Teaching, Lab Instrument, for Student Experiment Office Technical Secondary School Middle School","https://m.media-amazon.com/images/I/61BEdo5Ba3L._AC_UL320_.jpg","https://www.amazon.ca/dp/B09NMMFSJC","0.0","0","0.0","0.0","Science Education Supplies","False","0"
"B0CH824XRJ","Wolf Moon Wallet, long wallet, biker wallet, leather Carved, 3D Genuine Leather Wallet, Leather Carving Wallet","https://m.media-amazon.com/images/I/41aIHg-PGzL._AC_UL320_.jpg","https://www.amazon.ca/dp/B0CH824XRJ","0.0","0","314.0","0.0","Handmade Clothing, Shoes  Accessories","False","0"
"B003TJHUDE","ApHogee Two-Step Protein Treatment Packette","https://m.media-amazon.com/images/I/712Is761IUL._AC_UL320_.jpg","https://www.amazon.ca/dp/B003TJHUDE","4.4","1206","7.67","0.0","Hair Care","False","0"
"B08RRQNBH6","Pressure Transducer, 1/8NPT Thread Stainless Steel Pressure Transducer Sender Sensor 30/100 /150/200/300/500 psi for Oil Fuel Air Water(30psi)","https://m.media-amazon.com/images/I/61RnzbCu3fL._AC_UL320_.jpg","https://www.amazon.ca/dp/B08RRQNBH6","4.7","5","18.23","0.0","Test, Measure  Inspect","False","0"
"B0CHRYH6YC","Transparent Unrsal Card Storage Case Durable SDHC Memory Card Holder Frame 10pcs, Storage Case","https://m.media-amazon.com/images/I/51nksdn7smL._AC_UL320_.jpg","https://www.amazon.ca/dp/B0CHRYH6YC","0.0","0","2.0","0.0","Memory Cards","False","0"
"B086T3XS3X","Aussie Miracle Curls Curl-Defining Oil Hair Treatment with Jojoba Oil 95 mL","https://m.media-amazon.com/images/I/71FxU8X-dOL._AC_UL320_.jpg","https://www.amazon.ca/dp/B086T3XS3X","4.2","2350","7.47","0.0","Beauty","False","800"
"B0C8JD29D8","2023 HP 15.6"" FHD Laptop, AMD Ryzen 5-5500U Processor, 16GB RAM, 1TB PCIe SSD, AMD Radeon Graphics, 720P HD Webcam, Bluetooth, Wi-fi, Win 11 Pro, Blue, 32GB SnowBell USB Card","https://m.media-amazon.com/images/I/61fyY7zRhOL._AC_UL320_.jpg","https://www.amazon.ca/dp/B0C8JD29D8","4.1","7","919.0","0.0","Laptop Computers","False","0"
"B07DDMCWYJ","BLACK+DECKER IR16X One-Step Garment Steam Iron with Stainless Nonstick Soleplate, One Size, Turquoise","https://m.media-amazon.com/images/I/81DqUNgzUiL._AC_UY218_.jpg","https://www.amazon.ca/dp/B07DDMCWYJ","4.3","1647","41.59","0.0","Irons, Steamers  Accessories","False","100"
"B0C6DQZZ9N","AKOZLIN 6.6FT Stair Handrail for Indoor Stairs Hand Railing Wall Mount Stair Railing Industrial Iron Pipe Rust-proof Non-slip Stairs Porch Deck Railing Banisters,Black","https://m.media-amazon.com/images/I/61hcXtxcN2L._AC_UL320_.jpg","https://www.amazon.ca/dp/B0C6DQZZ9N","4.0","1","59.84","0.0","Building Supplies","False","0"
"B000QDSDSC","RoadSport 3103 Extra Large Big Mudder Extreme Splash Guard","https://m.media-amazon.com/images/I/71J7ir-DiiL._AC_UL320_.jpg","https://www.amazon.ca/dp/B000QDSDSC","4.2","68","48.29","0.0","Automotive Tires  Wheels","False","0"
"B0B41PYHK2","String Trimmer Shoulder Harness Strap, Weed Eater Strap Harness, Harness Belt Easily Adjustable for Garden Brush Cutter（2 Pack）","https://m.media-amazon.com/images/I/81a8ALsVP7L._AC_UL320_.jpg","https://www.amazon.ca/dp/B0B41PYHK2","3.9","25","12.99","21.99","Outdoor Power  Lawn Equipment","False","0"
"B0C6TZGKWZ","Garden Gravel Grid Stabilizer, 2 Inch Thick Expandable Folding Geogrid Driveway Stabilizer Grid，for Landscaping, Yard, Walkway(Size: 1m x 2m (3.3ft x 6.5ft)) (Size : 4x6m(13x20ft))","https://m.media-amazon.com/images/I/81BjJlDIQRL._AC_UL320_.jpg","https://www.amazon.ca/dp/B0C6TZGKWZ","0.0","0","209.03","0.0","Outdoor Storage  Housing","False","0"
"B00CP7QN16","Prairie Naturals L-glutamine powder 200 Gram","https://m.media-amazon.com/images/I/71xR-nK8ZTL._AC_UL320_.jpg","https://www.amazon.ca/dp/B00CP7QN16","4.0","3","0.0","0.0","Diet  Nutrition Products","False","0"
"B0C4YGNR8R","NIMAL NAJDIA Eau de Parfum - 100 ml (For Men & Women)","https://m.media-amazon.com/images/I/315OZ5YG36L._AC_UL320_.jpg","https://www.amazon.ca/dp/B0C4YGNR8R","0.0","0","102.96","0.0","Perfume  Cologne","False","0"
"B0B9XKFT86","20 Pcs Colored Hair Extensions, 22 Inch Clip In Rainbow Hair Extensions Heat-Resistant Straight Hair Extensions for Kids Women Cospaly Party Gift (10 Colors）","https://m.media-amazon.com/images/I/71ZyrKA3gSL._AC_UL320_.jpg","https://www.amazon.ca/dp/B0B9XKFT86","4.0","37","12.99","14.99","Hair Care","False","0"
"B0BY812CR3","Car Center Console Cushion Pad, 11.8""x8.3"" Waterproof Non Slip PU Leather, Auto Armrest Seat Box Cover Protector for Men Women, Vehicle Interior Accessories for SUV, Truck, Van (Black)","https://m.media-amazon.com/images/I/71GBMG5NOPL._AC_UL320_.jpg","https://www.amazon.ca/dp/B0BY812CR3","3.4","14","14.99","0.0","Automotive","False","0"
"B003XI1EIS","RFID Blocking Deluxe Boarding Pouch, Black, Small","https://m.media-amazon.com/images/I/61HrPxbqPHL._AC_UL320_.jpg","https://www.amazon.ca/dp/B003XI1EIS","4.6","92","22.85","0.0","Luggage  Travel Gear","False","0"
"B08P6JM3ZZ","Anime Toilet-Bound Hanako-kun Mokke Plush Doll Pillow Yashiro Nene Jibaku Sh?nen Hanako-kun Chain Pendant Toy 17? Cartoon Doll (11.8?, Rose)","https://m.media-amazon.com/images/I/51uGgKDZG4L._AC_UL320_.jpg","https://www.amazon.ca/dp/B08P6JM3ZZ","4.8","228","29.36","0.0","Stuffed  Plush Animals","False","0"
"B0BXC7MK94","Lightailing Light for Lego- 42154 2022 Ford-GT - Led Lighting Kit Compatible with Lego Building Blocks Model - NOT Included The Model Set","https://m.media-amazon.com/images/I/71NDyawDQEL._AC_UL320_.jpg","https://www.amazon.ca/dp/B0BXC7MK94","4.8","19","32.99","0.0","Building  Construction Toys","False","0"
"B09457GQTH","Purple Earrings for Women • Czech Glass Decorated with Platinum • Drop and Dangle • Designer Jewelry • Handmade • Circle Sector Shape","https://m.media-amazon.com/images/I/71ZHJyFpNDL._AC_UL320_.jpg","https://www.amazon.ca/dp/B09457GQTH","0.0","0","28.3","0.0","Handmade Jewellery","False","0"
"B0CK15TCYH","USB Webcam, 1080P 5MP HD Computer Camera with Noise Reduction Mic, 360° Rotation, Used for Online Teaching, Business Meeting","https://m.media-amazon.com/images/I/61nQnWK1A4L._AC_UL320_.jpg","https://www.amazon.ca/dp/B0CK15TCYH","0.0","0","55.52","0.0","Computer Audio  Video Accessories","False","0"
"B007R6JPC4","unisex-adult 1900 Scansmart Tsa 17-inch Laptop Backpack","https://m.media-amazon.com/images/I/819sBhOVOqL._AC_UL320_.jpg","https://www.amazon.ca/dp/B007R6JPC4","4.7","3804","119.41","0.0","Luggage  Travel Gear","False","0"
"B0C69JJ8L2","4D Cloud Technology Insole, Soft Foot Protection Cloud Feeling Insole, Super Soft U-Shape Memory Foam Sports Insoles, Breathable Shock Absorption Insoles for Foot & Joint Support (Black,US 9-10)","https://m.media-amazon.com/images/I/51Bx8tmX93L._AC_UL320_.jpg","https://www.amazon.ca/dp/B0C69JJ8L2","0.0","0","22.99","0.0","Shoe, Jewelry  Watch Accessories","False","0"
"B0CBWY3B7C","Hoop Hairband, 2 Pcs Curly Hair Headbands, Thick Hair Medium Headbands for Women Men Hairstyle Fixing Tool (Brown)","https://m.media-amazon.com/images/I/61jJmLAe-LL._AC_UL320_.jpg","https://www.amazon.ca/dp/B0CBWY3B7C","2.5","2","8.99","10.99","Hair Care","False","0"
"B078NXLX3X","100pcs Foam Darts,Suction Head Toy Soft Refill Bullets Darts EVA Foam for N-Strike Elite Available","https://m.media-amazon.com/images/I/51XUK-JSP0L._AC_UL320_.jpg","https://www.amazon.ca/dp/B078NXLX3X","4.2","18","17.69","0.0","Leisure Sports  Game Room","False","0"
"B08J4J2JNH","Sanrio Hello Kitty & Friends My Melody Figure & Stylie Doll (~10-in / 25.4-cm) Wearing Fashions and Accessories, Long Pink Hair and Trendy Outfit, Great Gift for Kids Ages 3Y+","https://m.media-amazon.com/images/I/6164JXSrJWL._AC_UL320_.jpg","https://www.amazon.ca/dp/B08J4J2JNH","4.8","712","81.51","0.0","Dolls  Accessories","False","0"
"B08KS5J5BX","5 Rolls Double Eyelid Tape, Invisible Double Eyelid Tape Eyelash Extension Sticker for Droopy Uneven Or Mono-Eyelids, Flexible Grafting Eyelashes Isolation Tape Eyelid Lift Strips","https://m.media-amazon.com/images/I/61cAV0vkmNL._AC_UL320_.jpg","https://www.amazon.ca/dp/B08KS5J5BX","2.7","3","18.45","0.0","Beauty Tools  Accessories","False","0"
"B084S9NLNQ","RhinoEXTREME 21056 20-Foot Sewer Hose Kit for RVs with Tandem Holding Tanks - Ready-to-Use Kit - Includes 4-in-1 Adapter, Storage Caps and Swivel Wye Fitting","https://m.media-amazon.com/images/I/81B0IFS6UcL._AC_UL320_.jpg","https://www.amazon.ca/dp/B084S9NLNQ","4.6","558","148.28","0.0","RV Parts  Accessories","False","0"
"B07JNHK2Q6","ECOTRIC Adjustable Rear Lower Coil Over Shock Mount Kit Universal Steel Lower Brackets for Coil Overs Shock Brackets","https://m.media-amazon.com/images/I/71Nsw-0v0FL._AC_UL320_.jpg","https://www.amazon.ca/dp/B07JNHK2Q6","4.6","40","39.99","0.0","Motorcycle Accessories  Parts","False","0"
"B00SSZXFT2","Paris Hilton with Love Women 4 Piece Gift Set","https://m.media-amazon.com/images/I/81HyFl5LabL._AC_UL320_.jpg","https://www.amazon.ca/dp/B00SSZXFT2","4.5","478","101.44","0.0","Perfume  Cologne","False","0"
"B0CJNM2KMZ","MYOBU 6v LED Backlight Strip 55inch TV TMT_55E5800_10X6_3030C_6S1P_W44 YHF-4C-LB5506-YH1 55FA3203 55FA3213 D55A561U B55A858U lightbar","https://m.media-amazon.com/images/I/61y+wjkNkUL._AC_UL320_.jpg","https://www.amazon.ca/dp/B0CJNM2KMZ","0.0","0","56.57","0.0","Televisions","False","0"
"B07PNC3H6F","BangBangDa Mini Zen Garden Rake and Sand Stamp Set of 12 for Office Tabletop Rock Zen Garden Kits Meditation Zen Garden Tools Desk Japanese Sand Garden Accessories","https://m.media-amazon.com/images/I/71i4iPHEhES._AC_UL320_.jpg","https://www.amazon.ca/dp/B07PNC3H6F","4.4","246","58.47","0.0","Sandboxes  Beach Toys","False","0"
"B0C2ZVRWG2","Buy Tucci Di Lusso Mens Burnished Brown Chequeboard Woven Italian Leather Handmade Luxury Loafer Shoe (10, Loafers, Brown)","https://m.media-amazon.com/images/I/41q-+Kwov5L._AC_UL320_.jpg","https://www.amazon.ca/dp/B0C2ZVRWG2","0.0","0","800.0","0.0","Handmade Clothing, Shoes  Accessories","False","0"
"B07GXDXRZ2","Backpackers Pantry 701147 Granola with Blubrries & Milk, 1 Person","https://m.media-amazon.com/images/I/714uJN9KEOL._AC_UL320_.jpg","https://www.amazon.ca/dp/B07GXDXRZ2","4.6","57","25.08","0.0","Breakfast Cereal","False","0"
"B09WGYVBVD","Grtard 6Pack Magnetic Hooks with Swivel Carabiner Hook, 100LBS Heavy Duty Magnetic Hook, Magnets with Hooks, Strong Magnetic Hooks Refrigerator Magnet Hook","https://m.media-amazon.com/images/I/71PBJyhaKiL._AC_UL320_.jpg","https://www.amazon.ca/dp/B09WGYVBVD","4.5","87","19.99","21.99","Hardware","False","0"
"B01D8VLUEM","Dorman 901-470 Lift Gate Release Switch","https://m.media-amazon.com/images/I/81c112+78jL._AC_UL320_.jpg","https://www.amazon.ca/dp/B01D8VLUEM","4.3","91","61.44","0.0","Paint, Body  Trim Products","False","0"
"B004X631O4","Liqui Moly Diesel Purge 1811","https://m.media-amazon.com/images/I/61+4KXEaKwL._AC_UL320_.jpg","https://www.amazon.ca/dp/B004X631O4","4.4","2304","21.65","0.0","Oils  Fluids","False","0"
"B08WF7MT7J","Cafés Brûlerie du Quai (Espresso Italiano Organic Coffee - Dark Roast - Espresso Blend - Whole Beans - 340g, 340g)","https://m.media-amazon.com/images/I/61lud88Dj7L._AC_UL320_.jpg","https://www.amazon.ca/dp/B08WF7MT7J","4.2","73","16.85","0.0","Grocery","False","0"
"B019GQOJKU","axGear USB 2.0 to Mini USB 5 Pin Cable Male to Male Wire MiniUSB Cord 6Ft 1.8M","https://m.media-amazon.com/images/I/41GrDBM6lZL._AC_UL320_.jpg","https://www.amazon.ca/dp/B019GQOJKU","3.9","22","7.39","0.0","TV Accessories","False","0"
"B07X5GCQVW","Little Partners New MOD Toddler Bed(White-Espresso)","https://m.media-amazon.com/images/I/818821hY3UL._AC_UL320_.jpg","https://www.amazon.ca/dp/B07X5GCQVW","4.5","5","0.0","0.0","Nursery Furniture, Bedding  Décor","False","0"
"B0BVT84Q9T","Baby Teether Toys, 2 Pack Teething Toys for Babies, TV Game Remote Control Shape Silicone Sensory Teethers, Infant Chew Toys for Baby Shower Easter Basket Stuffers, BPA Free","https://m.media-amazon.com/images/I/71DfnbodP+L._AC_UL320_.jpg","https://www.amazon.ca/dp/B0BVT84Q9T","4.4","202","12.99","0.0","Beauty","False","50"
"B07VT5SKLZ","10Pcs UK5-HESI (UK5RD) DIN Rail Fuse Disconnect Terminal Block Screw Clamp with RO55 Fuse Tube 5x25mm 6A - Gray","https://m.media-amazon.com/images/I/41nKlsmZ26L._AC_UL320_.jpg","https://www.amazon.ca/dp/B07VT5SKLZ","4.2","41","0.0","0.0","Electrical Equipment","False","0"
"B07R8S2VBC","ProMaxCare Gold Professional Quality Eye Lash Extension 5 PCs Tweezers Sets-The Complete kit for Eyelash Tweezers Include Straight and Curved Tested Tweezers Comes in Black Zipper safety Leather Case-80-2023","https://m.media-amazon.com/images/I/612kFf0wa1L._AC_UL320_.jpg","https://www.amazon.ca/dp/B07R8S2VBC","5.0","1","29.89","0.0","Shaving  Hair Removal Products","False","0"
"B0B58HPQ4W","40mm 5 Speaker 18 Quality for Car","https://m.media-amazon.com/images/I/51znhjcQxHL._AC_UL320_.jpg","https://www.amazon.ca/dp/B0B58HPQ4W","0.0","0","13.29","0.0","Home Audio Speakers","False","0"
"B07HRGS7K1","IRIS USA 2-Tier Multi-Purpose PC Monitor Organizer Stand, Stackable Ergonomic Desktop and Countertop Riser for Computer Laptop TV Shoes Kitchen Pantry and Closet Organization, White","https://m.media-amazon.com/images/I/71FGjnamYVL._AC_UL320_.jpg","https://www.amazon.ca/dp/B07HRGS7K1","4.5","1209","34.99","0.0","Computer Monitor Accessories","False","0"
"B09SF6LX7P","Charbrofire Replacement Drip Tray Assembly Compatible with Traeger Grills: Bronson 20, Jr Elite 20 & Tailgater Series, SUB025","https://m.media-amazon.com/images/I/61qX3f2ariL._AC_UL320_.jpg","https://www.amazon.ca/dp/B09SF6LX7P","4.6","52","77.29","0.0","Patio, Lawn  Garden","False","0"
"B09W92WXW5","SEEYE Cordless Blackout Roller Shades - Window Blinds Privacy Home Kitchen Bathroom Bedrooms 22"" W x 72"" L, White","https://m.media-amazon.com/images/I/61cHAsrxdwL._AC_UY218_.jpg","https://www.amazon.ca/dp/B09W92WXW5","4.4","79","51.99","0.0","Home Textiles","False","0"
"B0C34J1XM6","Happyyami Mailbox Number Window Stickers for Car Bumper Stickers Vintage Sticker House Number Decals Floating Street Numbers Sticky Number Wall Decorative Number Plastic Address Number 1 Set","https://m.media-amazon.com/images/I/61M1CzOJKzL._AC_UL320_.jpg","https://www.amazon.ca/dp/B0C34J1XM6","0.0","0","16.34","0.0","House Numbers, Plaques  Signs","False","0"
"B01C3ILUCS","Fashion Plates - Fashion Drawing Set","https://m.media-amazon.com/images/I/71WFD0C2DwL._AC_UL320_.jpg","https://www.amazon.ca/dp/B01C3ILUCS","4.7","788","57.98","0.0","Arts  Crafts Supplies","False","0"
"B0CKRLGQ2K","BUGUUYO 10Pcs Dishwashing Cotton Sink Cleaning Brush pan Scrubber car Cleaning Tools Rust Eraser for Pot","https://m.media-amazon.com/images/I/71wqyCjZvPL._AC_UL320_.jpg","https://www.amazon.ca/dp/B0CKRLGQ2K","0.0","0","14.71","0.0","Dishwashing Supplies","False","0"
"B0BLRPJQ9G","SINGOMON 24PCS 6.3"" Plastic Gold Award Trophies Gold Party Award Trophy for Ceremony, Party Decorations, Game Prizes","https://m.media-amazon.com/images/I/61YQpuXsxXL._AC_UL320_.jpg","https://www.amazon.ca/dp/B0BLRPJQ9G","4.0","1","28.99","32.99","Awards","False","0"
"B07CXQDJ2J","Tiffany TIFFANY T TF 4148 BLACK/BROWN SHADED women Sunglasses","https://m.media-amazon.com/images/I/51PYoxRPB8L._AC_UL320_.jpg","https://www.amazon.ca/dp/B07CXQDJ2J","4.3","67","274.3","0.0","Women's Accessories","False","0"
"B07JR5X3D1","Mitten Clips and Hat Clip - Never Lose Mittens, Gloves, Beanie Caps Again - Strong Clips for Secure Attachment","https://m.media-amazon.com/images/I/812LGTcXjIL._AC_UL320_.jpg","https://www.amazon.ca/dp/B07JR5X3D1","4.3","607","10.99","0.0","Baby","False","0"
"B07YLQLG4P","EVanlak 3rd Generation Premium Aluminum disport Display Emulator DP Dummy Plug take Advantage of a high end Graphics Card remotely fit Headless 2560x1600@60Hz-2pack","https://m.media-amazon.com/images/I/51jHjekzQHL._AC_UL320_.jpg","https://www.amazon.ca/dp/B07YLQLG4P","4.5","2160","19.99","0.0","Computer Components","False","0"
"B0BGSPTHK5","Bateso Kids Table and Chair Set, Toddler Wooden Round Table & 4 Chairs Set with Large Storage Space, 5-Piece Children Furniture Set for Home, Daycare, Playroom, Kindergarten","https://m.media-amazon.com/images/I/61318zrug8L._AC_UL320_.jpg","https://www.amazon.ca/dp/B0BGSPTHK5","4.6","50","245.0","0.0","Nursery Furniture, Bedding  Décor","False","0"
"B0C497G95D","Jamieson Chewable Vitamin C 500 mg - Tangy Orange, 120 Count (Pack of 1) & Chewable Vitamin C 500 mg - White Juicy Peach Flavour, 120 Count (Pack of 1)","https://m.media-amazon.com/images/I/51k6YToIBzL._AC_UL320_.jpg","https://www.amazon.ca/dp/B0C497G95D","0.0","0","12.94","0.0","Vitamins, Minerals  Supplements","False","0"
"B0CGLK66D4","SunKol 17 inch Fanless Industrial Panel PC, All in One Industrial Embedded Panel PC with Capacitive Touch Screen,2xUSB2.0,2xUSB3.0,HDMI,2xRS232,LAN (I5-7200U, No RAM No SSD No System)","https://m.media-amazon.com/images/I/61DBlSeu1lL._AC_UL320_.jpg","https://www.amazon.ca/dp/B0CGLK66D4","0.0","0","594.99","0.0","Computer Monitors","False","0"
"B00I3INX00","Blistex Lip Medex.25-Ounce (Pack of 12)","https://m.media-amazon.com/images/I/912wMVutTCL._AC_UL320_.jpg","https://www.amazon.ca/dp/B00I3INX00","4.7","3630","28.47","0.0","Beauty","False","400"
"B00HO151FC","Eternabond Microsealant Tape","https://m.media-amazon.com/images/I/61SNsYNyySL._AC_UL320_.jpg","https://www.amazon.ca/dp/B00HO151FC","4.2","47","20.67","0.0","Test, Measure  Inspect","False","0"
"B09BQH6K93","Carburetor with Carbon Dirt Jet Cleaner Tool kit Compatible with 2003-2005 Honda CRF 230F CRF230F CRF 230 F Replace Part Number 16100-KPS-902 Replace Carbs","https://m.media-amazon.com/images/I/7150otvNEvL._AC_UL320_.jpg","https://www.amazon.ca/dp/B09BQH6K93","4.4","9","108.5","0.0","Motorcycle Accessories  Parts","False","0"
"B0BXNV8LPR","for NAD C521i DVD Player Blu-ray CD Player Laser Lens Optical Pick-ups Bloc Optique DVD Laser Lens Optical Pick-up","https://m.media-amazon.com/images/I/41-DUxmE8IL._AC_UL320_.jpg","https://www.amazon.ca/dp/B0BXNV8LPR","0.0","0","79.02","0.0","DVD Players  Recorders","False","0"
"B085MXXYY6","Rapper Printed Hoodies Hip Hop Sweatshirt Pullover Fashion Singer Hoodie for Men Women","https://m.media-amazon.com/images/I/51RFV8aDfdL._AC_UL320_.jpg","https://www.amazon.ca/dp/B085MXXYY6","3.4","32","19.99","0.0","Men","False","0"
"B09PDGXKZR","12 Pieces Mini Stuffed Forest Animals Jungle Animal Plush Toys in 4.8 Inch Cute Plush Elephant Lion Giraffe Tiger Puppy Zebra Duck Plush for Animal Themed Parties Teacher Student Achievement Award","https://m.media-amazon.com/images/I/81ZfEq-MpJL._AC_UL320_.jpg","https://www.amazon.ca/dp/B09PDGXKZR","4.3","83","51.69","0.0","Stuffed  Plush Animals","False","0"
"B09DZVB32D","Engine Ice Hi-Performance Snowmobile & Winter Anti-Freeze Coolant 1/2 Gallon (12557)","https://m.media-amazon.com/images/I/81gTqHD7V3L._AC_UL320_.jpg","https://www.amazon.ca/dp/B09DZVB32D","4.7","56","81.8","0.0","Oils  Fluids","False","0"
"B0BL1Q8BM7","BeaverCraft Wood Carving Knife Whittling Knife for Beginners C18 - Safety Chip Carving Knife Whittling Tools Wood Carving Tools for Beginners - Sloyd Small Carving Knife General Knife for Whittling","https://m.media-amazon.com/images/I/81wvRvNYQJL._AC_UY218_.jpg","https://www.amazon.ca/dp/B0BL1Q8BM7","4.8","52","22.99","0.0","Kitchen Knives  Cutlery Accessories","False","0"
"B08BCKWHTN","Nursing Cover Baby Breastfeeding Scarf, Vintage Paper Rural Truck Carry Cow and Farm Fresh Sunflowers - Carseat Canopy/Infant Stroller/Shopping Cart Cover for Boys and Girls Shower Gifts 26""x27.6""","https://m.media-amazon.com/images/I/51Hv3SL1S+L._AC_UL320_.jpg","https://www.amazon.ca/dp/B08BCKWHTN","0.0","0","38.02","0.0","Child Safety Car Seats","False","0"
"B00UM6CO1K","Accusize Industrial Tools 3 inch Indexable Face Milling Cutter 90 Degree, Positive Rake with Tpg322, 2508-0018","https://m.media-amazon.com/images/I/61lvqFi+LdL._AC_UL320_.jpg","https://www.amazon.ca/dp/B00UM6CO1K","5.0","1","126.0","0.0","Cutting Tools","False","0"
"B0CKHYH8WB","Totority 3pcs Cherry Swim Ring Beach Water Summer Pool Floats Toddler Inflatable Pool Baby Accessories for","https://m.media-amazon.com/images/I/514U-k0O1eL._AC_UL320_.jpg","https://www.amazon.ca/dp/B0CKHYH8WB","0.0","0","0.0","0.0","Swimming Pool  Outdoor Water Toys","False","0"
"B09L81GSXH","Stunning Tanzanite Jewelry Ring - Artisan Birthstone Jewelry for Women - Statement Rings, Engagement Rings, Fashion Rings, Crystal Rings - Customizable Jewelry for Ladies","https://m.media-amazon.com/images/I/61V+SJ6UheL._AC_UL320_.jpg","https://www.amazon.ca/dp/B09L81GSXH","0.0","0","118.0","0.0","Handmade Jewellery","False","0"
"B0CDKSV6LZ","Kigai Universal Baby Stroller Organizer, Flamingo Pattern Detachable Stroller Caddy Accessories Bag with Insulated Cup Holder and Adjustable Straps for Diaper, Phone, Toys","https://m.media-amazon.com/images/I/71mwfK85hdL._AC_UL320_.jpg","https://www.amazon.ca/dp/B0CDKSV6LZ","0.0","0","24.38","0.0","Baby Strollers","False","0"
"B000GEZCTY","PetSafe Universal Pet Door Installation and Weather Proofing Kit","https://m.media-amazon.com/images/I/61+Zgq-MuCL._AC_UL320_.jpg","https://www.amazon.ca/dp/B000GEZCTY","4.4","1881","35.27","0.0","Dog Supplies","False","0"
"B0CCR8B45M","Baby Boy Clothes 0-3 Months Baby Boy Clothes 6-12 Months Stripe Outfit Cute Summer Dressy Layette Set Patterns Country Suit Outfits Baby Winter Clothes","https://m.media-amazon.com/images/I/611X12m0QHL._AC_UL320_.jpg","https://www.amazon.ca/dp/B0CCR8B45M","0.0","0","12.89","0.0","Boys","False","0"
"B01KLTNYQ6","AIBER Kitchen Baking Circular Egg Tart Aluminum Cupcake Plain Cookie Mold Pack of 20","https://m.media-amazon.com/images/I/51sO6j5U76L._AC_UY218_.jpg","https://www.amazon.ca/dp/B01KLTNYQ6","4.1","143","18.99","0.0","Bakeware","False","0"
"B08Z6Z1W1K","BDK 15"" Inch Hubcaps Set of 4 Automotive Wheel Tire Covers Accessories, Compatible/Replacement for Chevy Chevrolet Dodge Ford Honda Mazda VW Volkswagen and More","https://m.media-amazon.com/images/I/71x+xFHTItL._AC_UL320_.jpg","https://www.amazon.ca/dp/B08Z6Z1W1K","4.3","180","98.08","0.0","Automotive Tires  Wheels","False","0"
"B0B616W3FM","Black Door Hinges 4 Inch 3 Pack Automatic Door Closer Residential 4""Self Closing Door Hinges Matte Black Auto Door Closer Door Hinge Spring Loaded Hinges for Doors Gate Interior/Exterior Door Hinges","https://m.media-amazon.com/images/I/71N-2i5zk0L._AC_UL320_.jpg","https://www.amazon.ca/dp/B0B616W3FM","4.5","53","46.82","0.0","Door Hardware  Locks","False","0"
"B09WDQM9JL","ELEBUILD Square Cabinet Handles Pulls (3-3/4 Inch, 20 Pack, Black)","https://m.media-amazon.com/images/I/61q8-7Q1SVL._AC_UL320_.jpg","https://www.amazon.ca/dp/B09WDQM9JL","3.4","2","60.41","0.0","Cabinet Hardware","False","0"
"B0CJTSPYT7","LAPOOH 100Pcs Red RJ45 Port Ethernet LAN Hub Anti Dust Cover Plug Cap Blockout Protector with Proprietary Lock and Key","https://m.media-amazon.com/images/I/71FCnEhjEjL._AC_UL320_.jpg","https://www.amazon.ca/dp/B0CJTSPYT7","0.0","0","15.89","0.0","USB Hubs","False","0"
"B08QMH2V8M","DORTALA 5-Piece Outdoor Dining Furniture Set, Patio Wood Dining Conversation Set w/4 Square Stools for Porch, Backyard, Balcony, Poolside, Acacia Wood Garden Table and Armless Chair Set, Reddish","https://m.media-amazon.com/images/I/91g13YiKhgL._AC_UL320_.jpg","https://www.amazon.ca/dp/B08QMH2V8M","0.0","0","229.99","0.0","Patio Furniture  Accessories","False","0"
"B09SR5X6R7","Slow Down Cattle Crossing Sign, 18x24 Inches, Rust Free .063 Aluminum, Fade Resistant, Made in USA by Sigo Signs","https://m.media-amazon.com/images/I/61k-nPhcchL._AC_UL320_.jpg","https://www.amazon.ca/dp/B09SR5X6R7","0.0","0","71.49","0.0","Outdoor Décor","False","0"
"B07RGHH334","OLRIKE 12 Pack Reflective Cat Collars Safety Quick Release with Bell- Suitable and Adjustable to Fit All Domestic Cats and Larger Kittens","https://m.media-amazon.com/images/I/717q31ewd+L._AC_UL320_.jpg","https://www.amazon.ca/dp/B07RGHH334","4.5","167","11.99","0.0","Pet Supplies","False","0"
"B09XWXYLF9","Glueless Bob Wig Human Hair Wigs for Black Women Human Hair 8 Inch Perruque Femme Cheveux Humain Naturel Bob Wig No Lace Front Wigs Real Brazilian Virgin Straight Human Hair Black Wig","https://m.media-amazon.com/images/I/61XKQjYTWGL._AC_UL320_.jpg","https://www.amazon.ca/dp/B09XWXYLF9","3.9","78","37.99","39.99","Beauty","False","50"
"B07YZJXXZB","HZXVOGEN 16 Inches 932℉ Heat Fire Resistant Welding Gloves BBQ Grill Gloves for Arc Tig Mig Wood Stove Barking Oven Fireplace Welder Gloves – Free Size for Men Women","https://m.media-amazon.com/images/I/71BLkFbx7YL._AC_UL320_.jpg","https://www.amazon.ca/dp/B07YZJXXZB","4.6","209","56.91","0.0","Occupational Health  Safety Products","False","0"
"B09TRRV7BS","Envelope Style Elastic Trunk Mesh Cargo Net for Infiniti QX60 (L51) Pure Luxe Sensory 2022-2023 - Premium Trunk Organizers and Storage - Luggage Net for SUV - Best Car Organizer for Infiniti QX60","https://m.media-amazon.com/images/I/91cM5C+DMDL._AC_UL320_.jpg","https://www.amazon.ca/dp/B09TRRV7BS","4.2","3","26.57","0.0","Automotive Exterior Accessories","False","0"
"B09T6NYWNP","Tysun Trekking Hiking Poles, 2 Pack Collapsible Adjustable Walking Sticks, Lightweight Aluminum Foldable Hiking Poles","https://m.media-amazon.com/images/I/71X8PGdIggL._AC_UL320_.jpg","https://www.amazon.ca/dp/B09T6NYWNP","3.3","7","34.89","36.99","Camping  Hiking Equipment","False","0"
"B0BXFQDZXQ","Pet Hair Remover Portable Hairball Remover for Sofa","https://m.media-amazon.com/images/I/618vr-j3fdL._AC_UL320_.jpg","https://www.amazon.ca/dp/B0BXFQDZXQ","0.0","0","0.0","0.0","Laundry Supplies","False","0"
"B0CBV6TQ4T","4/6/8Pcs Adjustable Sliding Window Locks Stop Aluminum Alloy Door Frame Security Lock with Keys for Home and Office 1Pcs (Color : 6 Pcs)","https://m.media-amazon.com/images/I/61EcoA+GbFL._AC_UL320_.jpg","https://www.amazon.ca/dp/B0CBV6TQ4T","0.0","0","51.05","0.0","Window Hardware","False","0"
"B09HCGB8P7","Snowman Decorating Kit, 15Pcs Snowman Making Kit Snowman Decorating Dressing Kit Build a Snowman Kit Winter Outdoor Fun Toys for Christmas Supplies","https://m.media-amazon.com/images/I/61qto5hTYIL._AC_UL320_.jpg","https://www.amazon.ca/dp/B09HCGB8P7","5.0","1","34.99","0.0","Arts  Crafts Supplies","False","0"
"B0BZNWX2B2","Replacement for Pioneer PD-F407 CD Player Spare Parts Laser Lens Lasereinheit Assy Unit PDF407 Optical Pickup Bloc Optique","https://m.media-amazon.com/images/I/51RWGrC6VzL._AC_UL320_.jpg","https://www.amazon.ca/dp/B0BZNWX2B2","0.0","0","120.81","0.0","DVD Players  Recorders","False","0"
"B09X3NMTK9","40 Pcs 5 Shapes Yellow Sticky Traps for Fruit Fly, Whitefly, Fungus Gnat, Mosquito, Fly and Bug, Sticky Insect Catcher Traps for Indoor/Outdoor/Kitchen, Extremely Sticky, Non-Toxic, Pet & Kid Safe","https://m.media-amazon.com/images/I/7105XWXobxL._AC_UL320_.jpg","https://www.amazon.ca/dp/B09X3NMTK9","4.6","1713","35.75","0.0","Pest Control","False","0"
"B07NGFDP22","Bakers Couches Pure Flax Linen 100% Bake Ware Canvas Bread Baguettes loafs Proofing Cloth","https://m.media-amazon.com/images/I/71oKlcpl3VL._AC_UL320_.jpg","https://www.amazon.ca/dp/B07NGFDP22","0.0","0","10.4","0.0","Handmade Clothing, Shoes  Accessories","False","0"
"B07GNWVDDH","14K Gold Plated Sterling Silver Post Huggies | Cubic Zirconia Huggie Earrings for Women","https://m.media-amazon.com/images/I/61QqKAtgW+L._AC_UL320_.jpg","https://www.amazon.ca/dp/B07GNWVDDH","4.1","19710","15.95","0.0","Clothing, Shoes  Jewellery","False","100"
"B0C3RTW86P","TICONN Heavy Duty Tarp Cover, Extra Thick Tarps Waterproof Tear and Rip Proof UV Resistant Tarpaulin with Reinforced Grommets and Edges (Brown Extra Heavy Duty, 8'x10')","https://m.media-amazon.com/images/I/7113VqLrPSL._AC_UL320_.jpg","https://www.amazon.ca/dp/B0C3RTW86P","4.7","82","91.09","0.0","Tarps  Tie-Downs","False","0"
"B0CJ9VDRLD","Wireless Tattoo Pen 1800mAh Battery, Powerful and Low NoiseMachine withConverter, Long Lasting Battery, Easy Operation, Aluminium Alloy (Dark Blue)","https://m.media-amazon.com/images/I/61fX2JmqUYL._AC_UL320_.jpg","https://www.amazon.ca/dp/B0CJ9VDRLD","0.0","0","127.5","0.0","Tattooing Supplies","False","0"
"B0CDV73CLW","S Shaped Hooks 200 pcs Crafts Keychain Shop Towels Rust-Free Garden Pendants Hangers Latch Photos Bathroom Craft","https://m.media-amazon.com/images/I/61VxsFLabmL._AC_UL320_.jpg","https://www.amazon.ca/dp/B0CDV73CLW","0.0","0","0.0","0.0","Industrial Hardware","False","0"
"B08KCFD87C","Gardner Bender FPE-20T Fuse Puller and Continuity Tester, Red","https://m.media-amazon.com/images/I/71GiFgteS6L._AC_UL320_.jpg","https://www.amazon.ca/dp/B08KCFD87C","4.5","217","22.66","0.0","Automotive Tools  Equipment","False","0"
"B081V1YV8B","Ultrafibre Airmesh Fitted Trucker Hat, Dark Grey, Small-Medium, Dark Grey, Small-Medium","https://m.media-amazon.com/images/I/91ep8+XfhoL._AC_UL320_.jpg","https://www.amazon.ca/dp/B081V1YV8B","4.4","373","17.74","19.99","Men's Accessories","False","0"
"B098K4QQ6P","S'well Bottle Handle - Onyx","https://m.media-amazon.com/images/I/51JJsBP9MEL._AC_UL320_.jpg","https://www.amazon.ca/dp/B098K4QQ6P","4.7","277","8.0","0.0","Cycling Equipment","False","50"
"B0CKPPXZGD","Computer Temp Monitor 8.8 Inch IPS Theme Editor USB Power PC Temperature Display Multifunction PC CPU Data Monitor Mini Secondary Screen for GPU RAM Time","https://m.media-amazon.com/images/I/61qNf3fmADL._AC_UL320_.jpg","https://www.amazon.ca/dp/B0CKPPXZGD","0.0","0","121.39","0.0","Computer Monitors","False","0"
"B0CG7X8HJD","Portable Display, 100-240V 7 Inch VGA Plug and Play Portable Monitor for PC Gaming (#1)","https://m.media-amazon.com/images/I/718Cwv+QzjL._AC_UL320_.jpg","https://www.amazon.ca/dp/B0CG7X8HJD","0.0","0","0.0","0.0","Computer Monitors","False","0"
"B088P473X1","Hempz Body Moisturizer Sampler Bundle of 4 - Original, Triple Moisturizer, Pomegranate and Sweet Pinneaple Melon, 2.25 oz each","https://m.media-amazon.com/images/I/81RfmX3YGsL._AC_UL320_.jpg","https://www.amazon.ca/dp/B088P473X1","4.7","128","28.08","0.0","Beauty","False","50"
"B0CKQBTCQV","ibasenice 10pcs Reusable Water Balloons Water Bomb Refillable Pool Beach Water Toys Water Ball for Outdoor Activities","https://m.media-amazon.com/images/I/51NjSglZ+4L._AC_UL320_.jpg","https://www.amazon.ca/dp/B0CKQBTCQV","0.0","0","16.59","0.0","Swimming Pool  Outdoor Water Toys","False","0"
"B093QNF63C","Mens Rugged Flex Relaxed Fit Lightweight Long-Sleeve Snap-Front Plaid Shirt","https://m.media-amazon.com/images/I/91bsB6ydArL._AC_UL320_.jpg","https://www.amazon.ca/dp/B093QNF63C","4.6","149","0.0","0.0","Uniforms, Work  Safety","False","0"
"B094Q43C5K","4pcs 600mm 2020 T Type Aluminum Extrusion European Standard Anodized Linear Rail for 3D Printer Parts and CNC DIY Silver 23.6inch(600mm)","https://m.media-amazon.com/images/I/51XMpn0sO-L._AC_UL320_.jpg","https://www.amazon.ca/dp/B094Q43C5K","4.4","20","32.99","0.0","3D Printing  Scanning","False","0"
"B07CF7VVB3","A Florentine Villa - William Merritt Chase high quality hand-painted oil painting reproduction,sunlight house garden landscape,family room wall art decor","https://m.media-amazon.com/images/I/71XT2K39NDL._AC_UL320_.jpg","https://www.amazon.ca/dp/B07CF7VVB3","0.0","0","267.95","0.0","Handmade Artwork","False","0"
"B07LGGQW3T","Utility Brush, toothbrush style, Nylon bristles 7"" long 5002199","https://m.media-amazon.com/images/I/212zWXKrzZL._AC_UL320_.jpg","https://www.amazon.ca/dp/B07LGGQW3T","0.0","0","1.84","0.0","Oral Hygiene Products","False","0"
"B0B53F3DT2","Mosquito Killer,Electric Indoor Mosquito Killer Lamp,Home Bedroom Baby Living Room Inhalation Mosquito Lamp for Home&Commercial Use .Mosquito Killer lamp","https://m.media-amazon.com/images/I/514M+sOvcCL._AC_UL320_.jpg","https://www.amazon.ca/dp/B0B53F3DT2","0.0","0","221.73","0.0","Indoor Insect  Pest Control","False","0"
"B08XXX3P2X","Ballet Shoes Girls Leather Ballet Dance Slipper Full Leather Sole Ballet Flats for Kids Toddler Child Women Adults","https://m.media-amazon.com/images/I/711t53PdIjL._AC_UL320_.jpg","https://www.amazon.ca/dp/B08XXX3P2X","4.3","993","17.88","0.0","Women's Shoes","False","0"
"B0BTL335BT","Mens Shirts 3D Printed T-Shirt Casual Funny Cat Graphics Crewneck Long Sleeve Tops Tees for Animal Lovers Gift Tshirt","https://m.media-amazon.com/images/I/6184UbMgIlL._AC_UL320_.jpg","https://www.amazon.ca/dp/B0BTL335BT","0.0","0","0.0","0.0","Uniforms, Work  Safety","False","0"
"B08BR72PQ5","Sheer Grey Curtains Silver Tree Branch - Printed Artistic Branches Pattern Rod Pocket Sheer Privacy Voile Drapes 72 Inch Length for Bedroom, 52 x 72 Inch, 2 Panels, by FINECITY","https://m.media-amazon.com/images/I/616LBB8DVUL._AC_UY218_.jpg","https://www.amazon.ca/dp/B08BR72PQ5","4.6","2707","30.99","0.0","Home Textiles","False","0"
"B0C8D6PS6F","Giant Ibisco Flower Seeds, Pot in pots, Balcony Bonsai Terrace Terrace, Mixture Color, New Variety illuminates Your Garden 50 particl: only Seeds","https://m.media-amazon.com/images/I/51XMqoKUiNL._AC_UL320_.jpg","https://www.amazon.ca/dp/B0C8D6PS6F","0.0","0","0.0","0.0","Fresh Flowers  Indoor Plants","False","0"
"B07CN6PTDN","3-in-1 Hi Vis Winter Safety Parka with Removable Black Nylon Puff Jacket","https://m.media-amazon.com/images/I/71-oI-eyq5L._AC_UL320_.jpg","https://www.amazon.ca/dp/B07CN6PTDN","4.1","62","149.99","0.0","Uniforms, Work  Safety","False","0"
"B0CJBRDG6K","Pomojonbi 3X Speaker Grill Cloth Stereo Gille Fabric Speaker Radio Mesh Cloth 1.7Mx0.5M Black","https://m.media-amazon.com/images/I/51gzxldvzXL._AC_UL320_.jpg","https://www.amazon.ca/dp/B0CJBRDG6K","0.0","0","18.51","0.0","Computer Audio  Video Accessories","False","0"
"B0BFG8TDQF","Baby Hand Bells, 17 x 8 x 6.5cm, Educational Baby Electronic Music Rattle Cute Cartoon Infant Shaking(Pink)","https://m.media-amazon.com/images/I/51E76uXSvkL._AC_UL320_.jpg","https://www.amazon.ca/dp/B0BFG8TDQF","4.0","1","16.36","0.0","Baby  Toddler Toys","False","0"
"B0CK2B7G9T","LUCEAE Ladder,Telescoping Adult Climbing Ladder Stool,Folding Multifunctional Alumidouble-Sided Ladder Sturdy Wide Pedal Non-Slip Foot Mats with Afety Handgrip, Portable Stability","https://m.media-amazon.com/images/I/51nw1bGFiWL._AC_UL320_.jpg","https://www.amazon.ca/dp/B0CK2B7G9T","0.0","0","351.9","0.0","Ladders","False","0"
"B09L4RDM5T","Can Rack Organizer 3 Tier Stackable Can Storage Dispenser Holds Up to 36 Cans Can Organizers for Kitchen Pantry Cabinet for Food Storage Black","https://m.media-amazon.com/images/I/81WfAE73x4L._AC_UY218_.jpg","https://www.amazon.ca/dp/B09L4RDM5T","4.5","44","29.99","0.0","Home Storage  Organization","False","0"
"B0CCXND1CL","100pcs Tansy Seeds Beautiful Perennial Ornamental Flowers for Outdoor Garden Planting Has Ornamental Value Add Color to Your Garden","https://m.media-amazon.com/images/I/61aGiOFeyxL._AC_UL320_.jpg","https://www.amazon.ca/dp/B0CCXND1CL","0.0","0","6.93","0.0","Plants Seeds  Bulbs","False","0"
"B07K582RCN","Geometric Double Circle Hoop Dangle Earrings Simple 8 Infinity Knot Bar Tassel Drop Earrings for Women Jewelry","https://m.media-amazon.com/images/I/41-1n51+u2L._AC_UL320_.jpg","https://www.amazon.ca/dp/B07K582RCN","4.3","435","6.0","0.0","Women's Jewelry","False","0"
"B0CDP1ZNDD","YSYOKOW Women Crewneck Sweatshirt Long Sleeve Pullover Fashion Side Slit Tunic Tops for Leggings","https://m.media-amazon.com/images/I/71WaXuQatvL._AC_UL320_.jpg","https://www.amazon.ca/dp/B0CDP1ZNDD","4.2","17","27.99","0.0","Outdoor Recreation Apparel  Equipment","False","0"
"B0CDCPQM21","Custom Acrylic Week Planner Calendar - Dry Erase Board, Dry Erase Calendar, Monthly and Weekly Calendar, Transparent Calendar (8"" x 10"", Extra Package)","https://m.media-amazon.com/images/I/71dy6lgDLOL._AC_UL320_.jpg","https://www.amazon.ca/dp/B0CDCPQM21","0.0","0","42.9","0.0","Handmade Home Décor","False","0"
"B0CC8TZN7D","Dachshund Wine Cork Holder Rustic Dog Shaped Decorative Cork Storage for Wine Lovers, Great Gift","https://m.media-amazon.com/images/I/711bPrP4TXL._AC_UY218_.jpg","https://www.amazon.ca/dp/B0CC8TZN7D","0.0","0","35.06","0.0","Home Brewing  Wine Making","False","0"
"B00VEEW1AS","Elite Hockey Prolace Waxed Hockey Skate Laces (Yellow, 120"")","https://m.media-amazon.com/images/I/61qunhToi+L._AC_UL320_.jpg","https://www.amazon.ca/dp/B00VEEW1AS","5.0","1","14.67","0.0","Snow  Ice Sports","False","0"
"B0CC57DC2L","YADECN Megaphone Loudspeaker Portable Audio Voice Amplifier Megaphone Speaker for (Color : E)","https://m.media-amazon.com/images/I/51sG5xX2jpL._AC_UL320_.jpg","https://www.amazon.ca/dp/B0CC57DC2L","0.0","0","160.17","0.0","Home Audio Speakers","False","0"
"B07Z5G92DX","Cassidy Irish Coat of Arms Disk Kilt Pin","https://m.media-amazon.com/images/I/61ojGLagBCS._AC_UL320_.jpg","https://www.amazon.ca/dp/B07Z5G92DX","0.0","0","34.98","0.0","Handmade Furniture","False","0"
"B01N9KGJ4K","Sydney Vegan Sandals","https://m.media-amazon.com/images/I/412rrUaIczL._AC_UL320_.jpg","https://www.amazon.ca/dp/B01N9KGJ4K","4.4","992","160.48","0.0","Women's Shoes","False","0"
"B0CCJDSR16","WUBEN L1 Flashlight Rechargeable Led Flashlights High Lumens 2000 Lumen Battery Powered, Super Bright Tactical Multifunctional Ip68 Waterproof Powerful Handheld Flash Light for Emergencies Camping","https://m.media-amazon.com/images/I/610YNsHH-SL._AC_UL320_.jpg","https://www.amazon.ca/dp/B0CCJDSR16","5.0","6","109.99","0.0","Outdoor Gear","False","0"
"B0C3CPMM14","LeadCon 4-Pack True HEPA Replacement Filter - Compatible with LEVOIT LV-H128 / PUURVSAS (HM669A) / ROVACS (RV60) - Part LV-H128-RF…","https://m.media-amazon.com/images/I/61GzYPlsBKL._AC_UY218_.jpg","https://www.amazon.ca/dp/B0C3CPMM14","4.8","9","30.99","0.0","Heating Cooling  Air Quality","False","0"
"B07B9GTSHW","NeedCrystals Microdermabrasion Crystals, DIY Face Scrub. Natural Facial Exfoliator for Dull or Dry Skin Improves Scars, Blackheads, Pore Size, Wrinkles, Blemishes & Skin Texture. 4 oz","https://m.media-amazon.com/images/I/61F9VMEYaLL._AC_UL320_.jpg","https://www.amazon.ca/dp/B07B9GTSHW","4.4","2053","39.99","0.0","Skin Care Products","False","0"
"B07CR57LK4","Sterling Silver Tribal Faux Septum Ring, Indian Fake Non Pierced Nose Hoop, 18g, Handmade Designer Piercing Jewelry","https://m.media-amazon.com/images/I/51qSJkGbTIS._AC_UL320_.jpg","https://www.amazon.ca/dp/B07CR57LK4","5.0","1","33.31","0.0","Handmade Jewellery","False","0"
"B0B6BXGDRL","Coasters for Drinks, Stylish Gold Foil Coasters Clear Acrylic Cup Coasters for Coffee Wooden Table, Set of 6 Coffee Coaster for Home Decor Gift, 3.74 Inches (6 PCS Hexagon Coaster)","https://m.media-amazon.com/images/I/71FUCB64paL._AC_UL320_.jpg","https://www.amazon.ca/dp/B0B6BXGDRL","4.1","22","22.22","0.0","Food Service Equipment  Supplies","False","0"
"B09X5Y2TGK","PNGKNYOCN Alligator Clip Jumper Probe to DC 5.5x2.1mm Male and Female Test Wre 18AWG Adapter Red and Black Wire Alligator Clip Test Wire 50 cm for Testing The Circuit ( DC Male +DC Female)","https://m.media-amazon.com/images/I/71o+K-P38oL._AC_UL320_.jpg","https://www.amazon.ca/dp/B09X5Y2TGK","4.5","2","11.99","0.0","Test, Measure  Inspect","False","0"
"B07R1R67PY","Fishing Bobber Stoppers Rubber Oval Floats, 300Pcs Fishing Sinkers Fishing Line Stop Stoppers Space Beans Slide Saltwater Fishing Tackle Accessories, XS/S/M/L/XL Colorful","https://m.media-amazon.com/images/I/71U2CpOwXDL._AC_UL320_.jpg","https://www.amazon.ca/dp/B07R1R67PY","4.4","88","12.99","0.0","Hunting  Fishing","False","0"
"B0C31Y4WNS","RBX Active Women's Sleeveless Athletic Performance Running Workout Yoga Tank Top with Mesh Ventilation","https://m.media-amazon.com/images/I/71fIxwW9NAL._AC_UL320_.jpg","https://www.amazon.ca/dp/B0C31Y4WNS","4.4","1860","45.61","0.0","Martial Arts  Combat Sports","False","0"
"B08MXVPJVW","Toddler Little Girl T-Strap Fall School Uniform Oxford Mary Jane Flats Dress (Black, Toddler-Size 5)","https://m.media-amazon.com/images/I/618Y+dd7i0L._AC_UL320_.jpg","https://www.amazon.ca/dp/B08MXVPJVW","0.0","0","31.99","0.0","Girls","False","0"
"B08FT34GGV","2 Pairs Fleece Lined Tights for Women - 100D Opaque Warm Winter Pantyhose","https://m.media-amazon.com/images/I/61lBjB6b4KL._AC_UL320_.jpg","https://www.amazon.ca/dp/B08FT34GGV","4.5","3677","24.98","0.0","Clothing, Shoes  Jewellery","False","200"
"B009KSECO8","Westek MLC12BC-4 Indoor Plug-in Corded Motion Activated Light Control","https://m.media-amazon.com/images/I/61y6dbcfJgL._AC_UL320_.jpg","https://www.amazon.ca/dp/B009KSECO8","4.0","3808","62.78","0.0","Nails, Screws  Fasteners","False","0"
"B09MFRWF1Q","Sink Splash Guard Behind Faucet: LOPNUR Kitchen Faucet Absorbent Mat, Faucet Mat for Kitchen Sink, Microfiber Cloth Faucet Splash Catcher Machine Washable (2 Pack, 17.7''x4.5'')","https://m.media-amazon.com/images/I/71K1txF5kHL._AC_UY218_.jpg","https://www.amazon.ca/dp/B09MFRWF1Q","4.4","402","14.99","0.0","Kitchen Utensils  Gadgets","False","100"
"B07SYHNNDF","uxcell Round Steel Rod, 5mm HSS Lathe Bar Stock Tool 150mm Long, for Shaft Gear Drill Lathes Boring Machine Turning Miniature Axle, Cylindrical Pin DIY Craft Tool, 2pcs","https://m.media-amazon.com/images/I/51nVmp8DUkL._AC_UL320_.jpg","https://www.amazon.ca/dp/B07SYHNNDF","4.4","112","9.99","0.0","Power  Hand Tools","False","0"
"B00GI2ZYLO","Anastasia Beverly Hills - Highlighting Duo Pencil - Camille/Sand","https://m.media-amazon.com/images/I/519POk8QPbL._AC_UL320_.jpg","https://www.amazon.ca/dp/B00GI2ZYLO","4.5","898","30.0","0.0","Makeup","False","0"
"B0BTKC8YQ2","Womens Carousel Logo Pride Cotton Stretch Bikini Panties, Multipack","https://m.media-amazon.com/images/I/61G8yuoWEPL._AC_UL320_.jpg","https://www.amazon.ca/dp/B0BTKC8YQ2","4.4","69","60.67","0.0","Women's Clothing","False","0"
"B08V14Q7D7","Aiibe 8GB USB Flash Drive 5Pack USB Stick 2.0 Memory Stick 8gb USB Jump Drive with Swivel Design, Pen Drive, Thumb Drives for Backup and Storage (Mixed Color : Black Red Cyan Green Purple)","https://m.media-amazon.com/images/I/61QuiDImAbL._AC_UL320_.jpg","https://www.amazon.ca/dp/B08V14Q7D7","4.5","583","16.79","20.99","Data Storage","False","0"
"B0C9XD2LLK","HAPIZWLU Carbon Fiber Inner Door Handle Bowl Cover Sticker Panel Frame Trim Compatible for Honda Civic Si 2016-2021 (Si Door Handle)","https://m.media-amazon.com/images/I/61bfDuLVb9L._AC_UL320_.jpg","https://www.amazon.ca/dp/B0C9XD2LLK","0.0","0","22.88","0.0","Paint, Body  Trim Products","False","0"
"B0C5WGTM9H","USB C to RCA Audio Cable 6ft, CableCreation Type-C to 2 Male Y RCA Splitter, 2RCA to USB C Adapter Cable for Phone, Tablet, Home Theater, DVD, Amplifier, Speaker, Car Stereo,Samsung Galaxy S23","https://m.media-amazon.com/images/I/61Kcn+V6-dL._AC_UL320_.jpg","https://www.amazon.ca/dp/B0C5WGTM9H","4.4","20","14.99","0.0","TV Accessories","False","0"
"B0BNY6ZTBS","Turquoise Mermaid Squama Fashion Watch for Women Men with Nylon Strap Lightweight Elegant Casual Watches","https://m.media-amazon.com/images/I/715EmtvJdyL._AC_UL320_.jpg","https://www.amazon.ca/dp/B0BNY6ZTBS","0.0","0","33.99","0.0","Women's Watches","False","0"
"B0CFTK3KQW","Safety Lockout Tagout Padlock, Impact Resistant Secure Safety Padlock Set for Energy Isolation","https://m.media-amazon.com/images/I/61JKfSc4sdL._AC_UL320_.jpg","https://www.amazon.ca/dp/B0CFTK3KQW","0.0","0","11.59","0.0","Locks  Hasps","False","0"
"B0BYYQYCTM","Hexagon Sunglasses for Men Women - Polarized UV Protection Metal Frame Fashion Square Sun Glasses for Driving","https://m.media-amazon.com/images/I/51nf5sG0g6L._AC_UL320_.jpg","https://www.amazon.ca/dp/B0BYYQYCTM","4.4","51","37.99","0.0","Women","False","0"
"B07L8T9S55","Homevacious Bathroom Sink Faucet Single Handle Oil Rubbed Bronze Bath Stream Lavatory Vanity One Hole Lever Basin Mixer Tap Deck Mount Low-Arc Long Spout Commercial Supply Hose Lead-Free","https://m.media-amazon.com/images/I/516OGW-zu1L._AC_UL320_.jpg","https://www.amazon.ca/dp/B07L8T9S55","4.4","169","69.29","0.0","Janitorial  Sanitation Supplies","False","0"
"B00A82M0F8","para Systems Minuteman EnSpire EN900 12V 9Ah UPS Battery - This is an AJC Brand Replacement","https://m.media-amazon.com/images/I/71E6EYMbZPL._AC_UL320_.jpg","https://www.amazon.ca/dp/B00A82M0F8","4.5","3","51.59","0.0","Household Batteries","False","0"
"B0C7GQ43L1","500PCS Solderstick Waterproof Butt Connectors Solder Wire Connectors Kit Original Insulated Electrical Terminal Butt Splice for car Marine Truck Trailer","https://m.media-amazon.com/images/I/61G-IBxmJbL._AC_UL320_.jpg","https://www.amazon.ca/dp/B0C7GQ43L1","0.0","0","0.0","0.0","Electrical Equipment","False","0"
"B08VQKGS43","Three Ships Boost Rosehip Oil Serum – As Seen on Dragon’s Den - Vegan Facial Serum Smooths, Hydrates + Protects Skin – Intensive Natural Face Serum for Dry/Normal Skin, 30mL","https://m.media-amazon.com/images/I/51VUxS0BirL._AC_UL320_.jpg","https://www.amazon.ca/dp/B08VQKGS43","4.2","145","45.0","0.0","Skin Care Products","False","0"
"B07KL24YJ7","Aveeno Repairing CICA Foot Mask with Prebiotic Oat and Shea Butter, Dry Skin Moisturizer, 2 Single Use Slippers (1 pair)","https://m.media-amazon.com/images/I/71C+Rn6Rp5L._AC_UL320_.jpg","https://www.amazon.ca/dp/B07KL24YJ7","4.4","2010","5.99","0.0","Beauty","False","700"
"B0CGMWZRSB","House Numbers for Outside, House Number Plate Customize Modern House Acrylic Address Door Number Door Signs Name Plates Number Plate (Color : Black, Size : 150x250mm)","https://m.media-amazon.com/images/I/71-tOPcGY0L._AC_UL320_.jpg","https://www.amazon.ca/dp/B0CGMWZRSB","0.0","0","54.7","0.0","House Numbers, Plaques  Signs","False","0"
"B0C24R147R","Discmania Eagle McMahon Creator Series Horizon Cloud Breaker 173-176g – Eagle McMahon Cloudbreaker 2023 Disc Golf Distance Driver","https://m.media-amazon.com/images/I/811HlwWOSQL._AC_UL320_.jpg","https://www.amazon.ca/dp/B0C24R147R","4.7","21","39.99","0.0","Leisure Sports  Game Room","False","0"
"B0CGD7GN9C","Outdoor Fire Pits Fire Basket Outdoor Barbeque Grill CharCast Iron Barbecue Stand Bowl Camping Picnic Outfire Wood Log Burner Heater Outdoor Stove Garden Dining","https://m.media-amazon.com/images/I/61wNj7uR2pL._AC_UL320_.jpg","https://www.amazon.ca/dp/B0CGD7GN9C","0.0","0","0.0","0.0","Flashlights","False","0"
"B0000AP6LD","Ravensburger 17954 Puzzle Conserver Permanent - Puzzle Accessories","https://m.media-amazon.com/images/I/71eZtjxrlVL._AC_UL320_.jpg","https://www.amazon.ca/dp/B0000AP6LD","3.8","33617","14.99","0.0","Toys  Games","False","50"
"B0B2NTRDQN","Replacement for JVC UX-G650B DVD Player Spare Parts Laser Lens Lasereinheit Assy Unit UXG650B Optical Pickup Bloc Optique","https://m.media-amazon.com/images/I/71jAci9OzfL._AC_UL320_.jpg","https://www.amazon.ca/dp/B0B2NTRDQN","0.0","0","71.54","0.0","DVD Players  Recorders","False","0"
"B074RHQML3","Shappy 4 Pieces Toilet Paper Holder Roller Replacement Plastic Spring Loaded, Paper Holder Insert (White)","https://m.media-amazon.com/images/I/61wd3j4-PjL._AC_UL320_.jpg","https://www.amazon.ca/dp/B074RHQML3","4.5","2366","16.95","0.0","Bathroom Hardware","False","0"
"B087WSJPMJ","KATUMO Siphon Pump, Upgraded 15MM Enlarged Caliber Siphon Fuel Hand Pump for Gasoline, Oil, Diesel & Water with Hoses, Pinch Clips, Hose Retainer, Brass Extender","https://m.media-amazon.com/images/I/61mwwb1zlbL._AC_UL320_.jpg","https://www.amazon.ca/dp/B087WSJPMJ","4.2","1400","0.0","0.0","Automotive Tools  Equipment","False","50"
"B09V78TQPC","SEKAM Cardboard Cat House with Scratcher/Catnip,(16.5''x12''x15'') Kitty Donut Shop for Indoor/Outdoor Cats,Cat Play House&Home Decor,Cat Scratch Toy for Cat Birthday,Hideout for Bunny Small Animals","https://m.media-amazon.com/images/I/71z5KTrNekL._AC_UL320_.jpg","https://www.amazon.ca/dp/B09V78TQPC","4.6","1603","30.99","0.0","Pet Supplies","False","50"
"B0CF2M2P6G","Magnetic Reed Switch RC-35 NC/NO Recessed Wired Door Window Alarm, Magneti Door Switch, Contact Sensor, for Home Security and Burglar Alarm Systems,(5 Sets)","https://m.media-amazon.com/images/I/51+ZXb2LR-L._AC_UL320_.jpg","https://www.amazon.ca/dp/B0CF2M2P6G","0.0","0","33.86","0.0","Garage Door Hardware","False","0"
"B0B2P3JW32","FOSOO Sonic Electric Toothbrush Adults,Toothbrush Electric Rechargeable with Big Brush Head High-Efficiency Cleaning,180 Days Battery Life,48000vpm,2 Min Smart Timer,Metal Cover w 3 Colors(Black)","https://m.media-amazon.com/images/I/617DXciX5AL._AC_UL320_.jpg","https://www.amazon.ca/dp/B0B2P3JW32","4.5","70","38.62","0.0","Oral Hygiene Products","False","0"
"B0BVR8XVBC","Mailbox Cover Magnetic Vintage Western Brown Stars Mailbox Covers Standard Size 21x18in,Mailbox Covers Wrap Post Letter Box Cover for Garden Yard Outdoor Decor Farmhouse Wooden Barrel Lattice","https://m.media-amazon.com/images/I/61hRKatAoGL._AC_UL320_.jpg","https://www.amazon.ca/dp/B0BVR8XVBC","0.0","0","26.6","0.0","Mailboxes  Accessories","False","0"
"B07CBRFFD2","4PCS Safe Latex Dog Squeaky Toys, 6.6"" Long Soft Chew Molar Dog Small Screaming Rubber Chicken Toys, for Puppy Small Medium Dogs [Misc.]","https://m.media-amazon.com/images/I/61nnnePpd2L._AC_UL320_.jpg","https://www.amazon.ca/dp/B07CBRFFD2","4.5","58","15.99","0.0","Pet Supplies","False","0"
"B0CFFNKF5D","Yihaojia Oversize Crewneck Sweatshirt for Women Pumpkin Graphic Halloween Pullover Casual Long Sleeve Drop Shoulder Top","https://m.media-amazon.com/images/I/71jr6GCyRCL._AC_UL320_.jpg","https://www.amazon.ca/dp/B0CFFNKF5D","2.7","4","18.99","0.0","Outdoor Recreation Apparel  Equipment","False","0"
"B00LGVJ96S","GE WH41X10077 Inlet Fill Spout,Multi","https://m.media-amazon.com/images/I/71svbIS3GWL._AC_UL320_.jpg","https://www.amazon.ca/dp/B00LGVJ96S","4.6","87","18.86","0.0","Janitorial  Sanitation Supplies","False","0"
"B01N5GVLNS","JOYO Distortion Pedal Crunch Distortion of British Classic Rock Distortion Effect for Electric Guitar- True Bypass (JF-03)","https://m.media-amazon.com/images/I/51fLnPng6nL._AC_UL320_.jpg","https://www.amazon.ca/dp/B01N5GVLNS","4.3","150","46.99","0.0","Musical Instruments, Stage  Studio","False","0"
"B01N25YOOY","Lock Stock & Barrel 85 Karats Grooming Clay 100g","https://m.media-amazon.com/images/I/51M58Ke8YJL._AC_UL320_.jpg","https://www.amazon.ca/dp/B01N25YOOY","0.0","0","0.0","0.0","Bath  Body","False","0"
"B08DHWN3C6","mens 6-pack Super No Show Multi Logo Socks","https://m.media-amazon.com/images/I/71+y7xfv3YS._AC_UL320_.jpg","https://www.amazon.ca/dp/B08DHWN3C6","4.2","12","18.34","0.0","Men's Clothing","False","0"
"B08JDVMVLC","Taf Toys Koala Clip on Pram First Double Sided Book with Contrast Colors, 3D Activities & Textures, Best Tummy-Time Play for 2 Developmental Stages on-The-Go Baby","https://m.media-amazon.com/images/I/71Vywca0QuL._AC_UL320_.jpg","https://www.amazon.ca/dp/B08JDVMVLC","4.7","288","22.17","0.0","Baby  Toddler Toys","False","0"
"B09JPK79YR","Catnip Kicker Pillow Toy Gift Packs","https://m.media-amazon.com/images/I/71cTjyrb29L._AC_UL320_.jpg","https://www.amazon.ca/dp/B09JPK79YR","3.4","7","17.95","0.0","Cat Supplies","False","0"
"B07SH1PKC3","Rowenta Access Stainless Steel Soleplate Steam Iron for Clothes 300 Microsteam Holes, Cotton, Wool, Poly, Silk, Linen, Nylon 1700 Watts Portable, Ironing, Fabric Steamer, Garment Steamer DW2360, Black","https://m.media-amazon.com/images/I/61U6jAgPdOS._AC_UY218_.jpg","https://www.amazon.ca/dp/B07SH1PKC3","4.3","2455","70.76","0.0","Irons, Steamers  Accessories","False","0"
"B09L9S216Q","2022 HP 22-inch FHD IPS Touchscreen All-in-One Desktop PC 2-Core AMD Ryzen 3 3250U Processor 16GB DDR4 RAM NVMe M.2 512GB SSD 1TB HDD DVD WiFi AC BT Webcam Speaker Windows 10 Black w/DSO USB Drive","https://m.media-amazon.com/images/I/7186BeV7rsL._AC_UL320_.jpg","https://www.amazon.ca/dp/B09L9S216Q","5.0","1","1214.99","0.0","Desktop Computers","False","0"
"B09X1NYNF8","20mm Genuine Leather Watch Band Strap Fits Navitimer, Colt Super Ocean Black Silver Buckle","https://m.media-amazon.com/images/I/51LeercFURL._AC_UL320_.jpg","https://www.amazon.ca/dp/B09X1NYNF8","0.0","0","25.99","0.0","Women's Watches","False","0"
"B07SG14ZJS","Donald Trump INSPIRED Poster/Print","https://m.media-amazon.com/images/I/A1mo8044pnL._AC_UL320_.jpg","https://www.amazon.ca/dp/B07SG14ZJS","0.0","0","14.99","0.0","Handmade Artwork","False","0"
"B00CD7RJ70","Barefoot Venus Himalayan Mineral & Detox Bath Soak","https://m.media-amazon.com/images/I/71tl6jJ8OkL._AC_UL320_.jpg","https://www.amazon.ca/dp/B00CD7RJ70","5.0","2","29.99","0.0","Bath  Body","False","0"
"B09PV3CBR2","Accessories for BuTure Vacuum JR300","https://m.media-amazon.com/images/I/61SpN1ZI6jL._AC_UY218_.jpg","https://www.amazon.ca/dp/B09PV3CBR2","4.0","8","69.99","0.0","Vacuums  Floor Care","False","0"
"B00J0BBRYS","Rockline 9661 Connaisseur # 4 Cone White Coffee Filters, 800 Count (2 Packs of 400)","https://m.media-amazon.com/images/I/612OU4d3MaL._AC_UY218_.jpg","https://www.amazon.ca/dp/B00J0BBRYS","4.4","10","48.14","0.0","Coffee, Tea  Espresso","False","0"
"B08464VS59","Intex 28075E Intex-42 Inch Ladder with Removable Steps Pool, 1 Size, Grey","https://m.media-amazon.com/images/I/613ey-ypvWS._AC_UL320_.jpg","https://www.amazon.ca/dp/B08464VS59","4.2","86","0.0","0.0","Pools, Hot Tubs  Supplies","False","0"
"B073N22LQR","BlenderBottle Classic Shaker cup / Diet Shaker / Protein Shaker with Blenderball / 820ml - clear teal","https://m.media-amazon.com/images/I/61mJBfGlyAL._AC_UL320_.jpg","https://www.amazon.ca/dp/B073N22LQR","4.4","11","24.06","0.0","Diet  Nutrition Products","False","0"
"B0CJQF3J9Q","SUPVOX Universal Steering Wheel Cover Womens Steering Wheel Covers Camo Steering Wheel Cover Car Wheel","https://m.media-amazon.com/images/I/51rlGe1Fs-L._AC_UL320_.jpg","https://www.amazon.ca/dp/B0CJQF3J9Q","0.0","0","0.0","0.0","Oils  Fluids","False","0"
"B079P4GYTJ","Sulfate Free Shampoo for Oily Hair - Clarifying Shampoo for Build Up with Purifying Essential Oils for Hair 295mL","https://m.media-amazon.com/images/I/61UF0prY2iL._AC_UL320_.jpg","https://www.amazon.ca/dp/B079P4GYTJ","4.3","13750","21.95","0.0","Beauty","False","0"
"B08VNM5NZ3","Excgood Phone Charger Block, 20W USB C Power Adapter PD Type C Fast Charging Wall Charger Compatible with iPhone 14 Pro Max 13 12 11, Pad, Pixel 7 6 Pro, Watch SE S8, AirPods, iPad - 2Pack,White","https://m.media-amazon.com/images/I/614plk2BlVL._AC_UL320_.jpg","https://www.amazon.ca/dp/B08VNM5NZ3","4.6","341","13.79","0.0","Home  Portable Audio","False","0"
"B0BBW5F5KC","Fahren 2023 Upgraded H11 LED Headlight Bulbs, 24000LM 600% Brighter 1:1 Size Wireless H9 H8 Headlight Bulbs, 6500K Cool White Canbus LED Bulb, Plug and Play Halogen Replacement, Pack of 2","https://m.media-amazon.com/images/I/71dAK16EzCL._AC_UL320_.jpg","https://www.amazon.ca/dp/B0BBW5F5KC","4.3","2814","59.99","0.0","Automotive","True","400"
"B09YTN6HQR","Maxion PABA 600mg with Vitamin B6 & B12 to Help Metabolize Carbohydrates, Fats, and Proteins, 120 Vegetable Capsules","https://m.media-amazon.com/images/I/61-WZGpFO8L._AC_UL320_.jpg","https://www.amazon.ca/dp/B09YTN6HQR","4.2","4","29.95","0.0","Vitamins, Minerals  Supplements","False","0"
"B09M68Y77Y","Flunyina Rose Gold""50 Fabulous"" Sash and Tiara 50th Birthday Gold Glitter Crown","https://m.media-amazon.com/images/I/51rRxmc+JDL._AC_UL320_.jpg","https://www.amazon.ca/dp/B09M68Y77Y","4.5","122","15.99","0.0","Stationery  Party Supplies","False","0"
"B0B5HQW475","MK8 Extruder Adim3 Dimensional Printer Hotend Nozzle Throat Filament Heater Block Thermistor Hot End Kit for 3 Dimensional Printer","https://m.media-amazon.com/images/I/61Us4Q6gruL._AC_UL320_.jpg","https://www.amazon.ca/dp/B0B5HQW475","0.0","0","8.97","0.0","3D Printing  Scanning","False","0"
"B0BRQX39SK","Zombaes Forever, Wild Vibes, Surprise Collectible Zombie Figure, Doll Accessories & Toy Coffin (Styles May Vary), 3.5-inch, Kids Toys for Girls","https://m.media-amazon.com/images/I/812fGGEYx1L._AC_UL320_.jpg","https://www.amazon.ca/dp/B0BRQX39SK","4.7","25","13.73","0.0","Dolls  Accessories","False","50"
"B0CHNS92DG","KAWS Action Figure Toys 12 cm PVC Series Model Sitting Posture, Car Accessories, Trendy Doll Decorations, Children's Toys, Birthday Surprise Gifts. (Sitting Sesame Pink -12cm-e)","https://m.media-amazon.com/images/I/51Nkob8a5OL._AC_UL320_.jpg","https://www.amazon.ca/dp/B0CHNS92DG","0.0","0","12.99","14.99","Dolls  Accessories","False","0"
"B0C1475JCD","KNOWSQT Wireless Keyboard and Mouse Combo - Milky-White Full-Sized 2.4 GHz 104 Keys Typewriter Keyboard, Flexible Round Keycap and Optical Mouse for Windows, Computer, PC, Laptop, Desktop, Mac","https://m.media-amazon.com/images/I/61DALV1nS1L._AC_UL320_.jpg","https://www.amazon.ca/dp/B0C1475JCD","4.4","2207","51.97","0.0","Keyboards, Mice  Input Devices","False","0"
"B00E1ABYSC","Britax Seat Saver Waterproof Liner","https://m.media-amazon.com/images/I/81aJk0oag2L._AC_UL320_.jpg","https://www.amazon.ca/dp/B00E1ABYSC","4.3","2148","29.99","0.0","Baby","False","0"
"B0C8YCL5K2","Unique Gift Ideas for First Day of School for Daughters and Sons Perfect for Student Back to School Art 11oz 15oz Black Coffee Mug","https://m.media-amazon.com/images/I/618rr8W9XCL._AC_UL320_.jpg","https://www.amazon.ca/dp/B0C8YCL5K2","0.0","0","30.64","0.0","Handmade Kitchen  Dining","False","0"
"B0C5CYBFZG","dsfen Top Cover for Ender-5 S1 3D Printer for Less Noise Dustproof Translucent Black Acrylic Constant Temperature for Stable Printing Easy to Install","https://m.media-amazon.com/images/I/41xuIlGU-uL._AC_UL320_.jpg","https://www.amazon.ca/dp/B0C5CYBFZG","0.0","0","130.3","0.0","3D Printing  Scanning","False","0"
"B0CH9G6XMJ","Pteanecay Card Storage Collectible Game Trading Card Box Card Carrying Organiser for 160+ Cards Black","https://m.media-amazon.com/images/I/51uJzC6iE+L._AC_UL320_.jpg","https://www.amazon.ca/dp/B0CH9G6XMJ","0.0","0","28.76","0.0","Collectible Toys","False","0"
"B0BNCCYN99","2022 DELL Inspiron 7000 14"" FHD+ Touch 2-in-1 Convertible Laptop 10-Core 12th Intel i7-1255U Iris Xe Graphics 16GB RAM DDR4 512GB NVMe SSD HDMI USB-C WiFi 6E Backlit Fingerprint Windows 11 Home","https://m.media-amazon.com/images/I/71YYOTuUktL._AC_UL320_.jpg","https://www.amazon.ca/dp/B0BNCCYN99","3.8","26","1661.84","0.0","Laptop Computers","False","0"
"B07QS3GCR5","Men Compression Shirt Slimming Shapewear Undershirt Body Shaper Vest Abs Workout Hide Chest Weight Loss Tank Top","https://m.media-amazon.com/images/I/61lsOh8yd9L._AC_UL320_.jpg","https://www.amazon.ca/dp/B07QS3GCR5","3.8","4083","33.99","50.99","Clothing, Shoes  Jewellery","False","100"
"B07QLNWNHH","Adjustable Waterproof Bucket Rain Hat in Nylon, Easy to fold CL3056","https://m.media-amazon.com/images/I/81aCxNiuEPL._AC_UL320_.jpg","https://www.amazon.ca/dp/B07QLNWNHH","4.4","446","17.06","0.0","Men's Accessories","False","0"
"B0CK5R66GQ","Yardwe Feeder Rainproof Carrier Pigeon Trough Window Bird Feeder Wild Bird feeders Hanger Stand Metal Bird","https://m.media-amazon.com/images/I/412Kh2ZKUAL._AC_UL320_.jpg","https://www.amazon.ca/dp/B0CK5R66GQ","0.0","0","33.92","0.0","Backyard Birding","False","0"
"B07K5KDT94","5/8-Inch Cutting Dia 1/4-Inch Shank Woodworking 90 Degree Carbide Tipped 2-Flute V-Groove Router Bit","https://m.media-amazon.com/images/I/71uYw5FdcmL._AC_UL320_.jpg","https://www.amazon.ca/dp/B07K5KDT94","4.3","10","14.47","0.0","Cutting Tools","False","0"
"B0B8PH4YZJ","HyLoft Heavyweight 2 x 4 Do-it-Yourself Single Shelf Kit, Gray","https://m.media-amazon.com/images/I/517QUaBqn9L._AC_UL320_.jpg","https://www.amazon.ca/dp/B0B8PH4YZJ","0.0","0","24.57","0.0","Material Handling","False","0"
"B07JCYX2ZV","Necygoo Kitchen Cabinet Door Hinges 16 PCS/8 Pairs Stainless Steel Door Hinges Hydraulic Slow Close Self Close Full Overlay Cupboard Cabinet Door Hinge","https://m.media-amazon.com/images/I/618hIP21wXL._AC_UL320_.jpg","https://www.amazon.ca/dp/B07JCYX2ZV","3.7","91","0.0","0.0","Cabinet Hardware","False","0"
"B07DG9C33K","Libman Wonder Mop & Refills Kit – for Tough Messes and Powerful Cleanup – Easy to Wring, Long Handled Wet Mop for Hardwood, Tile, Laminate. Includes Three Replacement Heads, Machine Washable, 62 Inch","https://m.media-amazon.com/images/I/61N3vrjks8L._AC_UL320_.jpg","https://www.amazon.ca/dp/B07DG9C33K","4.6","5484","66.73","0.0","Household Cleaning Tools","False","0"
"B0C9M95Y7W","P1037974-028 - Platen Roller Assembly Maintenance Kit for Zebra ZT230 ZT220 ZT210 Label Printer","https://m.media-amazon.com/images/I/31OIxV9XtaL._AC_UL320_.jpg","https://www.amazon.ca/dp/B0C9M95Y7W","0.0","0","48.51","0.0","Printer Accessories","False","0"
"B09TKBMVGT","Grout Brush with Long Handle, BITOPE Scrub Brush Swivel Cleaning Grout Scrubber with V-Shaped Stiff Bristles Grout Cleaner Brush for Shower,Tile,Bathroom, Bathtub","https://m.media-amazon.com/images/I/61yUgDyrw+L._AC_UL320_.jpg","https://www.amazon.ca/dp/B09TKBMVGT","4.5","244","25.57","0.0","Building Supplies","False","0"
"B0C4S9N9V8","Created Sapphire Pendant Sterling Silver 925, September Birthstone, 5th 45th Anniversary","https://m.media-amazon.com/images/I/51jbKek6HwL._AC_UL320_.jpg","https://www.amazon.ca/dp/B0C4S9N9V8","0.0","0","74.98","0.0","Handmade Jewellery","False","0"
"B07C7M8JXD","30pcs Straight Quick Release Air Line Fittings 1/4 5/16 3/8 Tube Connectors,Pneumatic Union Quick Release Tube Fitting","https://m.media-amazon.com/images/I/61gn-LBxcyL._AC_UL320_.jpg","https://www.amazon.ca/dp/B07C7M8JXD","4.1","66","19.7","0.0","Hydraulics, Pneumatics  Plumbing","False","0"
"B09X2D3RPQ","Growth Chart, Ruler Growth Chart Height Growth Light Cool Gray with 6 Different Types for Child/Baby for Birthday (Blue Dinosaur)","https://m.media-amazon.com/images/I/51G57ux02MS._AC_UL320_.jpg","https://www.amazon.ca/dp/B09X2D3RPQ","0.0","0","12.79","0.0","Nursery Furniture, Bedding  Décor","False","0"
"B06XGYNMWC","Aveeno Body Wash daily moisturizing yogurt vanilla and oats, 532ml","https://m.media-amazon.com/images/I/71G4uKRfagL._AC_UL320_.jpg","https://www.amazon.ca/dp/B06XGYNMWC","4.6","186","0.0","0.0","Bath  Body","False","0"
"B097217X98","Beadsland 2500pcs Nailart Flatback Rhinestones Crystal Flatback Gems Round Crystal Rhinestones for Crafts Mixed 8 Sizes SS4~SS30 with Picking Tweezer and Pen (Clear)","https://m.media-amazon.com/images/I/719YndqHCeL._AC_UL320_.jpg","https://www.amazon.ca/dp/B097217X98","4.6","1324","12.99","0.0","Beauty","False","50"
"B0BKQ4YNQS","Xemuck 1.25'' Front Seat Spacers, Recline Kit Rise 1-1/4'' (Lift up of Seat) Compatible with Toyota Tacoma 2005-2022, 4Runner 2003-2022, FJ 2006-2014, Lexus GX460 GX470 2003-2022","https://m.media-amazon.com/images/I/61d8wJQAczL._AC_UL320_.jpg","https://www.amazon.ca/dp/B0BKQ4YNQS","4.4","29","54.88","58.88","Automotive","False","0"
"B09QGXXYF8","30Pcs Laundry Care Sheet,Fragrance Free Prevent Clothes Color Mixing Laundry Care Tablets for Home Use","https://m.media-amazon.com/images/I/61clbOzY1YL._AC_UL320_.jpg","https://www.amazon.ca/dp/B09QGXXYF8","0.0","0","11.79","0.0","Laundry Supplies","False","0"
"B08GFDZQXD","Metal Cigar Humidifier, Portable Oblong Metal Humidifier with Glue Paster Cigar Humidor for Cigar Moisturizing and Increased Humidity","https://m.media-amazon.com/images/I/61A5tBKcknL._AC_UL320_.jpg","https://www.amazon.ca/dp/B08GFDZQXD","5.0","2","16.34","0.0","Cigarette Lighters","False","0"
"B07X5YMMD3","56Cm Artificial Rose Flower Wreath Home Garden Wall Centerpiece Window Front Door Hanging Fake Flower Garland Wedding Decoration","https://m.media-amazon.com/images/I/61-2KM4XsrL._AC_UL320_.jpg","https://www.amazon.ca/dp/B07X5YMMD3","0.0","0","100.58","0.0","Fresh Flowers  Indoor Plants","False","0"
"B09CSXG1TS","UCARE Outdoor Prep Table Cover Compatible with Keter Unity XL Portable Outdoor Table/ Storage Cabinet Cover, Waterproof Grill Accessories Covers for Patio Kitchen Island Bar Cart (55.12x24.01x35.43in/ 140x61x90cm)","https://m.media-amazon.com/images/I/51UQZJOJFvL._AC_UL320_.jpg","https://www.amazon.ca/dp/B09CSXG1TS","4.8","32","59.91","0.0","Patio Furniture  Accessories","False","0"
"B0824PDS8K","Luxja Sewing Machine Carrying Bag with Removable Padding Pad, Travel Case for Sewing Machine and Accessories (Fit for Most Standard Sewing Machines), Gray Dots (Bag Only)","https://m.media-amazon.com/images/I/81cxIbHGYmL._AC_UY218_.jpg","https://www.amazon.ca/dp/B0824PDS8K","4.7","3650","65.99","0.0","Sewing, Craft  Hobby","False","0"
"B0BZXSYH85","RF Wireless AC 220V Remote Control Switch 30 A Receiver Transmitter 315/433 MHZ Water Pump Lighting Universal Wall Button - (Color: Beige, Voltage: 220V, Size: 433mhz)","https://m.media-amazon.com/images/I/51IdPCNYq9L._AC_UL320_.jpg","https://www.amazon.ca/dp/B0BZXSYH85","0.0","0","41.19","0.0","Garage Door Hardware","False","0"
"B0CKF8RCS2","Wall Mounted Folding Attic Ladder Stairs Pull Down Loft Ladder Stairs Retractable Steps Ladder with Armrests Space Saving Telescoping Ladder,Capacity 660lb(Size:3.8M/12.4FT)","https://m.media-amazon.com/images/I/61R4oM3dDzL._AC_UL320_.jpg","https://www.amazon.ca/dp/B0CKF8RCS2","0.0","0","1132.99","0.0","Ladders","False","0"
"B0BPRNNKT6","sunzone 2pcs Bathroom Grab Bar, Bath Shower Handle, Child Elderly Assist Handle, Anti-Slip Armrest Support with Strong Suction Cup Grip（Black）","https://m.media-amazon.com/images/I/618Gv3hzITL._AC_UL320_.jpg","https://www.amazon.ca/dp/B0BPRNNKT6","4.1","65","17.99","0.0","Kitchen  Bath Fixtures","False","0"
"B09DG3CBW9","RED WOLF Radio Wiring Harness Select for Honda Civic/Accord/Odyssey/CRV/1998-2008, Acura RSX/RL/MDX1999-2010 Aftermarket Stereo Installation with Color Coded Wires","https://m.media-amazon.com/images/I/61rs-hkRDyL._AC_UL320_.jpg","https://www.amazon.ca/dp/B09DG3CBW9","4.3","68","17.27","0.0","Vehicle Electronics","False","0"
"B09ZQQJ1MG","Sight Pusher, Sight Pusher Tool with Rotatable Sight Prong for Front and Rear Sight, High Precision, Sight Adjustment Tool Sight Removal Tool for Handguns and Semi-Automatic Pistols","https://m.media-amazon.com/images/I/71TFjgNCS2L._AC_UL320_.jpg","https://www.amazon.ca/dp/B09ZQQJ1MG","5.0","1","73.6","0.0","Hunting  Fishing","False","0"
"B08HMXSRWN","Maycaur Platinum White Synthetic Hair Wigs with Natural Hairline Long Straight Women's Wig 24 Inch Heat Resistant Synthetic No Lace Wigs for Fashion Women","https://m.media-amazon.com/images/I/61bkKAVUEDL._AC_UL320_.jpg","https://www.amazon.ca/dp/B08HMXSRWN","4.0","1775","39.9","0.0","Hair Care","False","0"
"B01MR036IT","New Shaver Razor Head Holder Cover + Blade Frame Plate Replacement For Philips only fit HQ 9100XL 9140XL HQ 9150XL 9160XL HQ 9161XL 9170XL HQ 9171XL 9195XL HQ 9199XL 9190XL Razor heads Case parts","https://m.media-amazon.com/images/I/71THKW9cyzL._AC_UL320_.jpg","https://www.amazon.ca/dp/B01MR036IT","4.4","7","31.9","0.0","Shaving  Hair Removal Products","False","0"
"B0BZSKJV6J","kwmobile Straps Compatible with Garmin 22mm Forerunner 265 Straps - 2X Replacement Silicone Watch Bands - Black/Dark Blue","https://m.media-amazon.com/images/I/71FtDwY2wjL._AC_UL320_.jpg","https://www.amazon.ca/dp/B0BZSKJV6J","0.0","0","14.99","0.0","Electronics  Gadgets","False","0"
"B08FX332FF","YaeTool 4""x2"" Air Stone Commercial Air Pump Bubblers Aquaponics Cylinder Airstones Diffuser for Aquarium Fish Tank Hydroponics Pump (4PCS)","https://m.media-amazon.com/images/I/71pZvFoel6L._AC_UL320_.jpg","https://www.amazon.ca/dp/B08FX332FF","4.3","11","17.85","0.0","Pet Supplies","False","0"
"B07VDBGJY3","Harmony Gelish - Forever Marilyn Fall 2019 Collection - Flirty And Fabulous - 15ml / 0.5oz","https://m.media-amazon.com/images/I/518bQ2M7v4L._AC_UL320_.jpg","https://www.amazon.ca/dp/B07VDBGJY3","0.0","0","0.0","0.0","Nail Polish  Nail Decoration Products","False","0"
"B01J7K3BDG","CARNATION BREAKFAST ESSENTIALS Instant Powder Drink Mix Variety Pack 10 x 40g","https://m.media-amazon.com/images/I/81C8aHt7HTS._AC_UL320_.jpg","https://www.amazon.ca/dp/B01J7K3BDG","4.5","2228","8.99","9.99","Grocery","False","600"
"B076YWTHC7","Knit poncho, bohemian style poncho, aztec cape, handmade vest, womens outwear, women accessories, poncho for women, womens clothes","https://m.media-amazon.com/images/I/61H9gHtYeZL._AC_UL320_.jpg","https://www.amazon.ca/dp/B076YWTHC7","0.0","0","60.0","0.0","Handmade Clothing, Shoes  Accessories","False","0"
"B0B723P2PX","Hog Adjustable Mesh Back Trucker Hat","https://m.media-amazon.com/images/I/51niOe0TnuL._AC_UL320_.jpg","https://www.amazon.ca/dp/B0B723P2PX","4.6","115","52.31","0.0","Men's Accessories","False","0"
"B0B5VW8XRD","MagiDeal Coin Holder for Car, High Capacity Coin Holder, Universal Holder for Cup Holder, Change Holder Compatible with Most Car Trucks Accessories","https://m.media-amazon.com/images/I/51yNR--qImL._AC_UL320_.jpg","https://www.amazon.ca/dp/B0B5VW8XRD","3.8","3","10.19","0.0","Automotive Interior Accessories","False","0"
"B09RD4PYRZ","IXTECH Microphone Boom Arm with Desk Mount, 360° Rotatable, Adjustable and Foldable Scissor Mounting for Podcast, Video Gaming, Radio and Studio Audio, Sturdy and Universal - Elegance Model","https://m.media-amazon.com/images/I/61oS5zrwDvL._AC_UL320_.jpg","https://www.amazon.ca/dp/B09RD4PYRZ","4.4","917","129.9","0.0","Musical Instruments, Stage  Studio","False","0"
"B085NKDJTY","Guitar Bracelet Multi-Layer Cowhide Woven Rope Guitar Bangle with Alloy Magnetic Clasp for Men (Black)","https://m.media-amazon.com/images/I/61GK3HHonZL._AC_UL320_.jpg","https://www.amazon.ca/dp/B085NKDJTY","4.4","16","18.5","19.7","Men's Jewelry","False","0"
"B0CBTJTRR7","Limvoo 2Pcs Grapefruit Anti Cellulite Oil, Skinetic Grapefruit Anti-Cellulite Essential Oil, Anti Cellulite Massage Oil for Body Firming and Tightening (2 pcs)","https://m.media-amazon.com/images/I/71PC-62O1wL._AC_UL320_.jpg","https://www.amazon.ca/dp/B0CBTJTRR7","2.2","5","12.99","14.99","Skin Care Products","False","0"
"B09XJSD3FL","Room Thermometer DC801 Large LCD Digital Indoor/Outdoor Temperature Thermometer Hygrometer Humidity Meter Clock","https://m.media-amazon.com/images/I/51In72Wy9sL._AC_UL320_.jpg","https://www.amazon.ca/dp/B09XJSD3FL","0.0","0","205.83","0.0","Weather Thermometers","False","0"
"B0006NAS2Q","Academy P-51B Mustang","https://m.media-amazon.com/images/I/51+UuMgPrfL._AC_UL320_.jpg","https://www.amazon.ca/dp/B0006NAS2Q","4.3","57","19.9","0.0","Hobbies","False","0"
"B08DWB7KXL","Cuddly Children's Sympathy Gift for Grieving Child, Stuffed Animal Angel Bear Plush with Gift Bag and Card for Memorial Funeral Present, Comfort Children for Loss of Loved One","https://m.media-amazon.com/images/I/61WCep5O87L._AC_UL320_.jpg","https://www.amazon.ca/dp/B08DWB7KXL","4.7","97","45.15","0.0","Stuffed  Plush Animals","False","0"
"B0BHR4811N","Portable Strap Winder for Flatbed Truck Hand Roller for Winding Strap Winder Winch Winder for Winch Straps-18 inch 1pack","https://m.media-amazon.com/images/I/416KjXDWEGL._AC_UL320_.jpg","https://www.amazon.ca/dp/B0BHR4811N","4.6","31","22.76","0.0","Material Handling","False","0"
"B09TJSH6XP","Portable Kids Play Tent, Sea Style Kids Stage Tent, Polyester Fiber for Children Kids","https://m.media-amazon.com/images/I/61IJbfxfp7L._AC_UL320_.jpg","https://www.amazon.ca/dp/B09TJSH6XP","0.0","0","55.09","0.0","Kids' Play Tents  Tunnels","False","0"
"B0C9MJN9CM","Marble Texture with Golden Cigarette Case Waterproof Cigarette Holder Box Portable Flip Open Cigarette Pack","https://m.media-amazon.com/images/I/61nNPw-6c3L._AC_UL320_.jpg","https://www.amazon.ca/dp/B0C9MJN9CM","0.0","0","18.69","0.0","Cigarette Lighters","False","0"
"B0C7GPVS1F","FVQL 2 Pieces Surgical Cap for Long Hair Scrub Cap with Hairband Nurse Cap, Hand Drawn Dog and Leaf Flower","https://m.media-amazon.com/images/I/61Yy-Qdfq7L._AC_UL320_.jpg","https://www.amazon.ca/dp/B0C7GPVS1F","0.0","0","33.98","0.0","Professional Medical Supplies","False","0"
"B072FNL89X","Mens Hi Vis Quilted Safety Jacket","https://m.media-amazon.com/images/I/91R2Ti8HawL._AC_UL320_.jpg","https://www.amazon.ca/dp/B072FNL89X","4.1","8","89.5","0.0","Uniforms, Work  Safety","False","0"
"B0B1D1H349","Electric Salt and Pepper Grinder Set-Gravity Electric Salt Pepper Mill Set, 2022 Upgraded Electric Pepper and Salt Mill, Automatic Gravity Activated, Adjustable Coarseness, One Hand Operated Pepper Grinders, 2Pcs","https://m.media-amazon.com/images/I/71GHErFSaZL._AC_UY218_.jpg","https://www.amazon.ca/dp/B0B1D1H349","4.1","97","38.99","0.0","Home Storage  Organization","False","50"
"B0BPQVJ5ZC","Memory Card, Game Memory Card, Memory Card for, 8M/16M/32M/64M Free MCboot FMCB Memory Card Game Data Saver for Console(8M) (16M FMCB)","https://m.media-amazon.com/images/I/51X7dUhZCaL._AC_UL320_.jpg","https://www.amazon.ca/dp/B0BPQVJ5ZC","0.0","0","12.94","0.0","Memory Cards","False","0"
"B0CJ9VF354","1PC Shorty Brass Tattoo Machine Shader 1 INCH 24AWG 10WRAPS Copper Wire 47UF 50V Coil Non Bobbin US 8-32 Thread TMBS-2","https://m.media-amazon.com/images/I/71pUbTiQHNL._AC_UL320_.jpg","https://www.amazon.ca/dp/B0CJ9VF354","0.0","0","92.5","0.0","Tattooing Supplies","False","0"
"B00CORMBJ0","Belladonna 30ch Boiron Homeopathic Medicine","https://m.media-amazon.com/images/I/51iIMgBopfL._AC_UL320_.jpg","https://www.amazon.ca/dp/B00CORMBJ0","4.6","146","6.99","0.0","Health Care Products","False","100"
"B0CGGSM2HT","TEHAUX Bar Pcs Silcone Molds Para Resina Epoxica Graphite Ingot Mold Lightweight Graphite Cuvette","https://m.media-amazon.com/images/I/41t+h6KfBZL._AC_UL320_.jpg","https://www.amazon.ca/dp/B0CGGSM2HT","0.0","0","28.49","0.0","Industrial Materials","False","0"
"B0BZHMN8B8","WULFY Projector Mini Projector Portable Home Theatre Multimedia Video (Color : Mirroring Version, Size : UK Plug)","https://m.media-amazon.com/images/I/61-0xzlaIUL._AC_UL320_.jpg","https://www.amazon.ca/dp/B0BZHMN8B8","0.0","0","1022.0","0.0","Television Projectors","False","0"
"B0B7QW7NPN","ALTKOL S Hooks for Hanging, 20 Pack S Shaped Hooks for Hanging Plants, Stainless Steel S Hooks Heavy Duty, Durable S Shaped Hooks for Kitchen,Pots, Pans, Plants, Bags, Cups, Clothes,2.8 Inch,Black","https://m.media-amazon.com/images/I/71XL29O38sL._AC_UL320_.jpg","https://www.amazon.ca/dp/B0B7QW7NPN","4.6","407","8.02","0.0","Hardware Hooks","False","0"
"B083J5ZPF4","rabbitgoo Dog Car Barrier for SUVs, Pet Barrier with Metal Hooks & Stretchable Mesh, Back Seat Net Organizer for Pet Disturb Stopper & Storage Bag, Easy to Install, Drive Safely with Children & Pets","https://m.media-amazon.com/images/I/71rCwpl3DpL._AC_UL320_.jpg","https://www.amazon.ca/dp/B083J5ZPF4","3.9","522","17.99","0.0","Pet Supplies","False","50"
"B07BTDQKK6","BureBure Classic Men Felted Wool Slippers Made by Hand from Natural Wool","https://m.media-amazon.com/images/I/71uCS4ZcG1L._AC_UL320_.jpg","https://www.amazon.ca/dp/B07BTDQKK6","5.0","1","124.67","0.0","Handmade Clothing, Shoes  Accessories","False","0"
"B0175CVUEK","Refresh Liquigel Ophthalmic Solution, Lubricant Eye Drops, Persistent Dryness, and Irritation, 2x15ml","https://m.media-amazon.com/images/I/71QyWrVzsQL._AC_UL320_.jpg","https://www.amazon.ca/dp/B0175CVUEK","4.3","76","0.0","0.0","Health Care Products","False","50"
"B003HKZM6W","Artdeco Eye Brow Pencil (2 - intensive brown)","https://m.media-amazon.com/images/I/41pGlscxDxL._AC_UL320_.jpg","https://www.amazon.ca/dp/B003HKZM6W","4.5","122","13.16","0.0","Makeup","False","0"
"B07QZQ7CL1","3pcs PVC Repair Patches Kit Set Inflatable Raft Boat Canoe Kayak Waterproof Repair Patches Accessory (Black, Red, Gray Optional) (Black)","https://m.media-amazon.com/images/I/51C8XNa3v7L._AC_UL320_.jpg","https://www.amazon.ca/dp/B07QZQ7CL1","5.0","1","10.15","0.0","Boating  Watersports","False","0"
"B085N2YYV5","Xiaojie Women 2pcs Color Block Tie Dye Print Padded Push Up Bikini Swimsuit Underwire Set Bathing Suit with Boyshorts","https://m.media-amazon.com/images/I/71ZBI6PGUYL._AC_UL320_.jpg","https://www.amazon.ca/dp/B085N2YYV5","5.0","1","43.99","0.0","Boating  Watersports","False","0"
"B0CFY4V26B","Cabilock 2Pcs Fence Wire Cable Tensioner Garden Fence Line Tightener Outdoor Wire Rope Tighteners","https://m.media-amazon.com/images/I/61blr5IdkvL._AC_UL320_.jpg","https://www.amazon.ca/dp/B0CFY4V26B","0.0","0","0.0","0.0","Material Handling","False","0"
"B09QYLNT89","Popped Peri Bottle for Postpartum Care | Portable Travel Bidet for Cleansing After Birth (Pink, 10 oz)","https://m.media-amazon.com/images/I/61RUiAJDVBL._AC_UL320_.jpg","https://www.amazon.ca/dp/B09QYLNT89","4.8","545","37.88","0.0","Women's Health  Family Planning","False","0"
"B0006G51YS","Perky-Pet 221 Hummingbird Oasis Feeder, 16 oz. , Red","https://m.media-amazon.com/images/I/71UazRea2xL._AC_UL320_.jpg","https://www.amazon.ca/dp/B0006G51YS","4.0","619","33.98","0.0","Backyard Birding","False","0"
"B0BFB53F6D","Matching Couples Keychain for Boyfriend Girlfriend Birthday Anniversary Christmas Gifts for Husband Wife Couple Puzzle Keychain You Are My Missing Piece Key chain","https://m.media-amazon.com/images/I/51npDIeQJZL._AC_UL320_.jpg","https://www.amazon.ca/dp/B0BFB53F6D","0.0","0","9.99","0.0","Luggage  Travel Gear","False","0"
"B0035KIQQM","H&N Field Target Trophy Airgun Pellets 0.177 Cal, 8.64 Grains, Domed, 500 Count (PY-P-33)","https://m.media-amazon.com/images/I/61xcKGh9BNL._AC_UL320_.jpg","https://www.amazon.ca/dp/B0035KIQQM","4.5","598","23.36","0.0","Hunting  Fishing","False","0"
"B0CHNSJFPB","Smart AR Glasses Portable 130 Inches Space Giant Screen 1080p Viewing Mobile Computer 3D HD Private Cinema (Color : Nreal for PC HDMI)","https://m.media-amazon.com/images/I/51ulFex025L._AC_UL320_.jpg","https://www.amazon.ca/dp/B0CHNSJFPB","0.0","0","1171.66","0.0","Television Projectors","False","0"
"B089W7JBWH","Evaporative Emissions Vapor Canister Vent Valve Solenoid Fits Nissan & Infiniti G35 QX56 EX35 FX35# 14935-AM60A 911-503 14935-AM600 14935-AM60B EVAP Control Purge Valve","https://m.media-amazon.com/images/I/41NHUZiNJAL._AC_UL320_.jpg","https://www.amazon.ca/dp/B089W7JBWH","4.3","24","28.99","32.99","Automotive Replacement Parts","False","0"
"B0CG14ZTTX","Uninterruptible Power Supply, UPS Power Supply Wide Compatibility 100‑240V Input 2‑24V DC 2.5A Output for Cameras (US Plug)","https://m.media-amazon.com/images/I/61aopwnsvJL._AC_UL320_.jpg","https://www.amazon.ca/dp/B0CG14ZTTX","0.0","0","155.8","0.0","Computer Uninterrupted Power Supply","False","0"
"B000R6T8NW","Blaylock TL-33 Coupler Lock","https://m.media-amazon.com/images/I/91GZEGHAQcL._AC_UL320_.jpg","https://www.amazon.ca/dp/B000R6T8NW","4.2","35","0.0","0.0","RV Parts  Accessories","False","0"
"B084XT2D9M","Precious Moments Love Elephant Bib Baby Mealtime, Multi","https://m.media-amazon.com/images/I/51WCQOnNB9L._AC_UL320_.jpg","https://www.amazon.ca/dp/B084XT2D9M","4.4","20","14.63","0.0","Baby","False","0"
"B086T2H22D","Gooseneck 63-inch Floor Stand for Tablet And Phone with 360° Rotating Tripod Mount for iPhone iPad Mini/ Air/ Pro and All 4.7 -11.9 Inch","https://m.media-amazon.com/images/I/51y4P3ZD4OL._AC_UL320_.jpg","https://www.amazon.ca/dp/B086T2H22D","4.2","547","35.99","39.95","Electronics","False","0"
"B00LNHOFEQ","S&S Worldwide 24601 Jumbo Snakes & Ladders","https://m.media-amazon.com/images/I/71+LP-NeQsL._AC_UL320_.jpg","https://www.amazon.ca/dp/B00LNHOFEQ","4.6","312","62.1","0.0","Games  Accessories","False","0"
"B000CSIRXW","NGK NGK4549 CR7HSA Standard Spark Plug","https://m.media-amazon.com/images/I/512qcJMj9xL._AC_UL320_.jpg","https://www.amazon.ca/dp/B000CSIRXW","4.5","4784","11.07","0.0","Automotive Replacement Parts","False","0"
"B077NHKCFS","Silicone Band Rings, 7 Bands / 1 Band Wedding Bands for Men & Women 6mm Wide - 1.65mm Thick","https://m.media-amazon.com/images/I/71zvp8-NUSL._AC_UL320_.jpg","https://www.amazon.ca/dp/B077NHKCFS","4.4","1837","10.99","13.54","Men's Jewelry","False","0"
"B0CKMXGJHT","Mularoka Floral Flower Sunflower Firewood Storage Bag Velcro Webbing Handle Firewood Tote Bag Djustable Fire Wood Bag for Outdoor Camping, BBQs","https://m.media-amazon.com/images/I/71rGVkVacHL._AC_UL320_.jpg","https://www.amazon.ca/dp/B0CKMXGJHT","0.0","0","22.55","0.0","Outdoor Heating  Cooling","False","0"
"B09KGFCMHZ","EMENTOL 4PCS 1/2"" Drive Thin-Walled Impact Drive Lug Nut Socket Set, CR-MO, Metric, Protective Wheel Impact Socket Set-17mm, 19mm, 21mm, 22mm","https://m.media-amazon.com/images/I/71nXkk5aHXL._AC_UL320_.jpg","https://www.amazon.ca/dp/B09KGFCMHZ","4.5","183","26.97","0.0","Power  Hand Tools","False","0"
"B08FR5STZZ","Stainless Steel Chain Hardened Proof Coil Chain Corrosion and Rust Prevention Stainless Steel Rolo Cable Chains 6.5ft 13ft Length (1/4in-13ft)","https://m.media-amazon.com/images/I/611ruxrgRVL._AC_UL320_.jpg","https://www.amazon.ca/dp/B08FR5STZZ","4.9","17","117.65","0.0","Material Handling","False","0"
"B0CCP7K5T6","Pool Thermometer, Durable Water Thermometer Shatter‑Resistant ABS Pond Water Thermometer Pond Equipment for Aquariums Bathtubs Swimming Pools","https://m.media-amazon.com/images/I/51VAJCpiqVL._AC_UL320_.jpg","https://www.amazon.ca/dp/B0CCP7K5T6","0.0","0","10.28","0.0","Weather Thermometers","False","0"
"B0BV27P96Y","12 Pieces Cosmetic Powder Puff, Triangle Velour Powder Puffs with Round Powder Puffs Apply for Daily Makeup Such as Foundation, Cream, Blush","https://m.media-amazon.com/images/I/61CxP5JD6UL._AC_UL320_.jpg","https://www.amazon.ca/dp/B0BV27P96Y","4.7","4","8.99","0.0","Beauty Tools  Accessories","False","0"
"B089VM83YT","AOLISHENG 1 Pair Full Extension Drawer Slides Rails 8 10 12 14 16 18 20 22 24 Inch 100 LB Load Capacity Side Mount Ball Bearing Metal Dresser Runners File Cabinet Trash Can Slider Kitchen Glides Black","https://m.media-amazon.com/images/I/71TjAlEH7iL._AC_UL320_.jpg","https://www.amazon.ca/dp/B089VM83YT","4.6","79","20.53","0.0","Cabinet Hardware","False","0"
"B0CCGSSWB1","Downy Light Laundry Scent Booster Beads for Washer, White Lavender, 515 Grams, with No Heavy Perfumes","https://m.media-amazon.com/images/I/71NgRdKW-cL._AC_UL320_.jpg","https://www.amazon.ca/dp/B0CCGSSWB1","4.7","563","15.99","0.0","Laundry Supplies","False","0"
"B08C288QYH","4 Packs Cuticle Nipper- Premium Stainless Steel Cuticle Trimmer for Manicure & Pedicure at Home/Spa/Salon [Gold and Rainbow Color]","https://m.media-amazon.com/images/I/71bzOSAI7TL._AC_UL320_.jpg","https://www.amazon.ca/dp/B08C288QYH","4.5","899","41.28","0.0","Nail Polish  Nail Decoration Products","False","0"
"B0925JMV1N","QMXCING 5pcs Pink Calla Lily Bulbs Exotic Elegant and Noble Flower Outdoor Home Garden Grows Naturally Gardening Planting Bridal Bouquet","https://m.media-amazon.com/images/I/61Aav43ujDL._AC_UL320_.jpg","https://www.amazon.ca/dp/B0925JMV1N","0.0","0","19.41","0.0","Plants Seeds  Bulbs","False","0"
"B0BYHR1FGD","Mens Medieval Vests Renaissance Sleeveless Waistcoat Chevalier Cosplay Costume","https://m.media-amazon.com/images/I/61SPKWncBlL._AC_UL320_.jpg","https://www.amazon.ca/dp/B0BYHR1FGD","2.9","8","28.0","0.0","Novelty  Special Use Clothing","False","0"
"B0B6WKZS13","23 PCS Pumpkin Carving Kit for Kids, Halloween Pumpkin Carving Tools, Heavy Duty Stainless Steel Pumpkin Carver Set, DIY Halloween Decoration Pumpkin Carving Stencils","https://m.media-amazon.com/images/I/71j4Fkx1TKL._AC_UY218_.jpg","https://www.amazon.ca/dp/B0B6WKZS13","4.4","22","29.99","0.0","Kitchen Knives  Cutlery Accessories","False","0"
"B0BPBYLP1X","8 Pcs Face Washing Wristbands, Wrist Towels for Washing Face Microfiber Spa Wash Bands Water Absorbent Towel Makeup Sweat Wrist Cuffs for Women Girls","https://m.media-amazon.com/images/I/613DYMcz71L._AC_UL320_.jpg","https://www.amazon.ca/dp/B0BPBYLP1X","3.8","8","9.99","0.0","Beauty","False","50"
"B07TYZQZN5","LifeStyles Rough rider studded, 3 Count","https://m.media-amazon.com/images/I/61l6XbSbeJL._AC_UL320_.jpg","https://www.amazon.ca/dp/B07TYZQZN5","4.2","37","15.72","0.0","Sex  Sensuality Products","False","0"
"B0CB18X4G3","2 Pack Compression Sack for Sleeping Bag, Upgrade Anti-Tear Nylon Sleeping Bag Stuff Sack, 25L Water-Resistant Compression Bag, Storage Bag","https://m.media-amazon.com/images/I/61Ug71MdF6L._AC_UL320_.jpg","https://www.amazon.ca/dp/B0CB18X4G3","2.0","1","25.99","0.0","Camping  Hiking Equipment","False","0"
"B08PCXCRM6","Toddler Boys Cotton Boxer Brief Underwear (Pack of 12)","https://m.media-amazon.com/images/I/71AO6OLWntL._AC_UL320_.jpg","https://www.amazon.ca/dp/B08PCXCRM6","4.5","1519","29.99","0.0","Boys","False","50"
"B00FYSOFVI","5 booklets - Smoking Deluxe Medium size 1 1/4 rolling paper + tips","https://m.media-amazon.com/images/I/81KZkrzsowL._AC_UL320_.jpg","https://www.amazon.ca/dp/B00FYSOFVI","3.0","2","16.99","0.0","Cigarette Lighters","False","0"
"B099BKVDSX","Skechers Womens Go Walk High Waisted Evolution 2 Flare Pant","https://m.media-amazon.com/images/I/51OoHlaNUHL._AC_UL320_.jpg","https://www.amazon.ca/dp/B099BKVDSX","4.4","134","73.99","0.0","Team Sports","False","0"
"B0C25F6H9T","Max Water Heavy Duty 5 Gallon Pressurized RO @ 100 PSI (Reverse Osmosis) Water Storage Tank PAE Tank RO-152","https://m.media-amazon.com/images/I/51agSPnVlmL._AC_UL320_.jpg","https://www.amazon.ca/dp/B0C25F6H9T","0.0","0","99.0","0.0","Filtration","False","0"
"B09NMZS1NJ","Britik Bow and Arrow for Kids Toys - Archery Set with 20 Suction Cup Arrows, Gifts for Boys Girls Toddler Age 4 5 6 7 8 Year Old","https://m.media-amazon.com/images/I/71TUXmQSR6L._AC_UL320_.jpg","https://www.amazon.ca/dp/B09NMZS1NJ","4.5","307","47.68","0.0","Toy Foam Blasters  Guns","False","0"
"B0C3LX87GD","1pc Natural Quartz White Electroplate Colour Point Specimen - (Color: 10-20gwhite) Unspecified Clusters (Color : 10-20gWhite)","https://m.media-amazon.com/images/I/61a0pFkHq5L._AC_UL320_.jpg","https://www.amazon.ca/dp/B0C3LX87GD","0.0","0","42.45","0.0","Science Education Supplies","False","0"
"B0C1XW29T6","Bridal Hair Clip with Layered Satin Ruffle Bows and Pearl, Ivory Cream White","https://m.media-amazon.com/images/I/61W8LM7nAZL._AC_UL320_.jpg","https://www.amazon.ca/dp/B0C1XW29T6","0.0","0","79.89","0.0","Handmade Clothing, Shoes  Accessories","False","0"
"B0CCNK4ZQN","4 in 1 Toddler Slide Swing Set, Freestanding Slide Climber Playset Toys, Includes Slide, Swing, Basketball Hoop, and Climber, Indoor Slide for Kids Age 1-5","https://m.media-amazon.com/images/I/51vD2-wNHvL._AC_UL320_.jpg","https://www.amazon.ca/dp/B0CCNK4ZQN","0.0","0","819.28","0.0","Play Sets  Playground Equipment","False","0"
"B0CFZ9TSRX","Slots Memory Card Case Aluminum Alloy Memory Card Case Card Box Holders for 3PCS SD Cards Water-Resistant Card Case","https://m.media-amazon.com/images/I/51vttNG9ZqL._AC_UL320_.jpg","https://www.amazon.ca/dp/B0CFZ9TSRX","0.0","0","22.79","0.0","Memory Card Accessories","False","0"
"B0CHW97SF5","10 Pcs Alloy Plastic XLR Adapter, Plated Balanced 3 Pin 5 Male 5 Female Plug for Speakers Amplifiers Microphones","https://m.media-amazon.com/images/I/61SSzapkkoL._AC_UL320_.jpg","https://www.amazon.ca/dp/B0CHW97SF5","0.0","0","19.35","0.0","Computer Audio  Video Accessories","False","0"
"B0C3JK8DLS","Dell OptiPlex 3000 SFF Small Form Factor Desktop Computer - 12th Gen Intel Core i3-12100 4-Core up to 4.3 GHz CPU, 16GB RAM, 4TB NVMe SSD + 6TB HDD, Intel UHD Graphics 730, DVD-RW, Windows 10 Pro","https://m.media-amazon.com/images/I/61+l-V1IYqL._AC_UL320_.jpg","https://www.amazon.ca/dp/B0C3JK8DLS","0.0","0","2967.61","0.0","Desktop Computers","False","0"
"B01N7RRPFY","EMILYSTORES 0.05mm Thickness D Curl 8-14mm Mixed Length Lashes Silk Mink Eyelashes For Eyelash Extensions Assort Mixed Sizes One Tray","https://m.media-amazon.com/images/I/612yKqRm2BL._AC_UL320_.jpg","https://www.amazon.ca/dp/B01N7RRPFY","3.9","81","14.98","0.0","Beauty Tools  Accessories","False","0"
"B002F9MNZO","Engineer TZ-02 Handy Handheld Saw (Adjustable Length Hacksaw Blade Fitted Into A Plastic Handle). Made in Japan.","https://m.media-amazon.com/images/I/61iHGzOJxlL._AC_UL320_.jpg","https://www.amazon.ca/dp/B002F9MNZO","3.7","444","24.45","0.0","Uniforms, Work  Safety","False","0"
"B083HPKVWG","BBQ Accessories 17-1/8 inch Grill Burner of Stainless Steel Replacement for Broil King and Broil-Mate Model Gas Grills, Set of 4-Pack","https://m.media-amazon.com/images/I/51qq6kq2DfL._AC_UL320_.jpg","https://www.amazon.ca/dp/B083HPKVWG","4.3","6430","49.99","0.0","Outdoor Cooking","False","0"
"B0BJSLHSPY","Mens Club C Revenge","https://m.media-amazon.com/images/I/71TOecLjF5L._AC_UL320_.jpg","https://www.amazon.ca/dp/B0BJSLHSPY","4.5","156","106.77","0.0","Men's Shoes","False","0"
"B07VP9GNV3","Houseables Urinal Mats, Floor Pads, 12 Pack, 43.82 cm x 52.07 cm, Black, Blue, Homeplate, Polypropylene Fibers, Disposable, Splash Mat, Pee Pad, for Men’s Bathroom, Urine, Restroom, Eliminating Odor","https://m.media-amazon.com/images/I/91vSMiIJYML._AC_UL320_.jpg","https://www.amazon.ca/dp/B07VP9GNV3","4.5","153","65.63","86.63","Janitorial  Sanitation Supplies","False","0"
"B098R44YR2","Kids Boys Wind Shield Running Shoe","https://m.media-amazon.com/images/I/71LOMbmYJqL._AC_UL320_.jpg","https://www.amazon.ca/dp/B098R44YR2","4.3","18","45.62","0.0","Boys","False","0"
"B08JTDJWF7","Gemstone 4mm Natural Round Beads Gemstones Rock Crystal Stretch Bracelet 7 Inch Unisex","https://m.media-amazon.com/images/I/51pkiZT57rL._AC_UL320_.jpg","https://www.amazon.ca/dp/B08JTDJWF7","4.6","165","12.59","0.0","Women's Jewelry","False","0"
"B0CCL8T7DT","aa Rechargeable battery6Pcs185003.7V2500MahRechargeableLithiumBatteryForToysFlashlightLedHeadlightLampPowerBankMobilePowerSource","https://m.media-amazon.com/images/I/710cuobH66L._AC_UL320_.jpg","https://www.amazon.ca/dp/B0CCL8T7DT","0.0","0","0.0","0.0","Household Batteries","False","0"
"B0B3JC8942","Water Fountain Nozzle Spray, Stainless Steel Fountain Pond Water Nozzle,Fan Shaped Pond Sprinkler,for Spray Pond, Garden and Patio, Water Nozzle Fountain Pond Fan Shape Sprinkle Garden Spray Stai","https://m.media-amazon.com/images/I/51b-1mpiFEL._AC_UL320_.jpg","https://www.amazon.ca/dp/B0B3JC8942","0.0","0","21.09","0.0","Air Freshener Supplies","False","0"
"B08HGS4QG8","Baby Boys Baptism Christening Outfit Romper Suspenders Pants Tuxedo Suit","https://m.media-amazon.com/images/I/51O4wdg6xjL._AC_UL320_.jpg","https://www.amazon.ca/dp/B08HGS4QG8","4.4","20","29.99","0.0","Baby","False","0"
"B00SAXM1EC","Pack of 100 pcs stainless steel 3RS tattoo needles","https://m.media-amazon.com/images/I/61RCv4Z0rYL._AC_UL320_.jpg","https://www.amazon.ca/dp/B00SAXM1EC","1.0","1","24.79","0.0","Tattooing Supplies","False","0"
"B093R81PP2","Dissolvable Food Labels for Canning, Pantry, Bottles, Food Containers, and Mason Jar Food Prep Storage and Organization - Made in USA - Completely Washes Away - 2 Inch Round - Teal Mason Jar Labels","https://m.media-amazon.com/images/I/71LO3DmoxbL._AC_UY218_.jpg","https://www.amazon.ca/dp/B093R81PP2","4.7","248","15.99","0.0","Kitchen Storage  Organization","False","0"
"B08VDSPVNY","Lingtop birdhouses Bird Houses for Outside Clearance Hanging Wren Hanging Bird Houses for Outdoors Houses Outdoor Bird Lover Gifts for Bird Lovers","https://m.media-amazon.com/images/I/81oXU3kKVmL._AC_UL320_.jpg","https://www.amazon.ca/dp/B08VDSPVNY","4.6","189","48.7","0.0","Backyard Birding","False","0"
"B00NAUAG5G","Yupik Organic Pumpkin Seeds (Aa), Non-GMO, Vegan, Gluten-Free, 1Kg","https://m.media-amazon.com/images/I/91EoxhvFVPL._AC_UL320_.jpg","https://www.amazon.ca/dp/B00NAUAG5G","4.7","1214","20.49","0.0","Grocery","True","1000"
"B0CHFDYTZJ","Tasse Je Suis Un Mec Simple J'aime La Muscu Et L'apéro","https://m.media-amazon.com/images/I/71iyv5QWdBL._AC_UL320_.jpg","https://www.amazon.ca/dp/B0CHFDYTZJ","0.0","0","24.0","0.0","Handmade Kitchen  Dining","False","0"
"B0894R3Q5G","6Pcs Fly Swatter with Long Handle Bug Mosquito Spiders Cockroach Killer Manual Pest Control Racket Set","https://m.media-amazon.com/images/I/61PHdGmYp3L._AC_UL320_.jpg","https://www.amazon.ca/dp/B0894R3Q5G","3.2","7","14.99","0.0","Indoor Insect  Pest Control","False","0"
"B00BR3WZAM","Brother Genuine TN225C High-Yield Cyan Toner Cartridge","https://m.media-amazon.com/images/I/71siC4v9xsL._AC_UL320_.jpg","https://www.amazon.ca/dp/B00BR3WZAM","4.6","225","105.26","0.0","Printer Accessories","False","0"
"B0CHDRM9TW","Halloween Kitchen Scrub Sponge Halloween Candy Eyes Washing Dishes Cleaning Sponges Non Scratch Sponge for Dish Countertops Sinks Floors Showers Tile Sinks 3 Pack","https://m.media-amazon.com/images/I/811aNl+xwWL._AC_UL320_.jpg","https://www.amazon.ca/dp/B0CHDRM9TW","0.0","0","8.15","0.0","Dishwashing Supplies","False","0"
"B0CFJ1JHHS","Handlebar Mustache Training Wheel, Safe and EcoFriendly Pine Plastic Mustache Training Wheel for Gentleman with Mustache for Home Use","https://m.media-amazon.com/images/I/71HajmgbXbS._AC_UL320_.jpg","https://www.amazon.ca/dp/B0CFJ1JHHS","0.0","0","9.51","0.0","Shaving  Hair Removal Products","False","0"
"B08C74B32R","HOTRIMWORLD Black Rear Window Spoiler Side Wing Cover Trim 2pcs for Volkswagen VW Golf 7 Variant Wagon 2013-2017","https://m.media-amazon.com/images/I/51CnXJCxk+L._AC_UL320_.jpg","https://www.amazon.ca/dp/B08C74B32R","5.0","1","29.99","52.34","Paint, Body  Trim Products","False","0"
"B0CKFYYN1M","HOMSFOU 1pc USB Handheld Fan Rechargeable Handheld Fan USB Desk Fan Table top Fan USB Charging Fan Personal","https://m.media-amazon.com/images/I/61-r0mq7fYL._AC_UL320_.jpg","https://www.amazon.ca/dp/B0CKFYYN1M","0.0","0","19.25","0.0","USB Gadgets","False","0"
"B0CFV3CR1H","SPANN Battery Replacement for Delphi 9-2100, 9-2200-001, 9-2200-500, Optional Thermal Printer, Portable Tourniquet, PTS ii Single, PTS ii Twin, Part No: 6096 4.8V","https://m.media-amazon.com/images/I/418J+H70OGL._AC_UL320_.jpg","https://www.amazon.ca/dp/B0CFV3CR1H","0.0","0","0.0","0.0","Printers","False","0"
"B0CC14QLFK","Lash Foam Shampoo, Gentle Formula Eyelash Extension ser Nutritious for Salon(Blue Bottle)","https://m.media-amazon.com/images/I/51CV04bKagL._AC_UL320_.jpg","https://www.amazon.ca/dp/B0CC14QLFK","0.0","0","0.0","0.0","Professional Medical Supplies","False","0"
"B007GBWC9S","mens Long Sleeve Solid Oxford Executive Shirt","https://m.media-amazon.com/images/I/61uyVhnJKHL._AC_UL320_.jpg","https://www.amazon.ca/dp/B007GBWC9S","3.9","46","46.99","0.0","Men's Clothing","False","0"
"B0CFFD81KY","Heavy Duty Tarp with Reinforced Eyelets,PVC Tarpaulin Plastic,Heat and Cold Resistance,Garden Pergola Balcony rainshade,Reusable,Clear-1.7×3.5m/5.6×11.5ft","https://m.media-amazon.com/images/I/614lOuh2uyL._AC_UL320_.jpg","https://www.amazon.ca/dp/B0CFFD81KY","0.0","0","92.85","0.0","Tarps  Tie-Downs","False","0"
"B00K9EDIUG","Mighty Max Battery ML15-12 12V 15Ah F2 Scooter Bike Replaces CSB EVH12150, EVH 12150-3 Pack","https://m.media-amazon.com/images/I/61MK9mLwnHL._AC_UL320_.jpg","https://www.amazon.ca/dp/B00K9EDIUG","3.6","3","174.95","0.0","Bikes, Scooters  Ride-Ons","False","0"
"B0CK949PWD","12 Pcs baby bib toddler bibs baby towels for newborn absorbent towels absorbent baby saliva towels","https://m.media-amazon.com/images/I/61wnkE-hdYL._AC_UL320_.jpg","https://www.amazon.ca/dp/B0CK949PWD","0.0","0","58.04","0.0","Baby","False","0"
"B096FDKMY5","LED Strobe Light,360 Degree Rotating DJ Flashing Stage Effect Battery Powered Strobe Light Car Siren Strobe Light，Disco Party Rotating Lamp(Blue,Size:1pc)","https://m.media-amazon.com/images/I/61BGC-sHf0L._AC_UL320_.jpg","https://www.amazon.ca/dp/B096FDKMY5","3.8","12","21.59","0.0","Musical Instruments, Stage  Studio","False","0"
"B07SJTNQLM","Balaclava Ski Mask Head Mask Full Face Mask Windproof Sun UV Protection Dustproof Scarf Men Women Outdoor Sport Cycling Cap, Black, One Size-Medium","https://m.media-amazon.com/images/I/51CQYOEDb2L._AC_UL320_.jpg","https://www.amazon.ca/dp/B07SJTNQLM","4.4","1444","10.06","11.25","Snow  Ice Sports","False","0"
"B0CCXVR65H","Toddler Indoor Outfits Kids Toddler Child Infant Baby Girls Christmas Velutum Patchwork Tulle Dress For Girls","https://m.media-amazon.com/images/I/611VJoDqruL._AC_UL320_.jpg","https://www.amazon.ca/dp/B0CCXVR65H","0.0","0","25.87","0.0","Boys","False","0"
"B0BF26LM9X","The Shave Factory Neck Duster Plastic","https://m.media-amazon.com/images/I/31CTidRpqOL._AC_UL320_.jpg","https://www.amazon.ca/dp/B0BF26LM9X","2.9","2","22.9","0.0","Salon  Spa Equipment","False","0"
"B0CHQXX6SS","Condensing Unit Bracket, Air Conditioner Bracket Adjustable for Outdoor","https://m.media-amazon.com/images/I/51ctVyrpNEL._AC_UL320_.jpg","https://www.amazon.ca/dp/B0CHQXX6SS","0.0","0","60.51","0.0","Window Hardware","False","0"
"B0C8KFZMR1","Mens Rex Sneaker","https://m.media-amazon.com/images/I/51cYdzeLc2L._AC_UL320_.jpg","https://www.amazon.ca/dp/B0C8KFZMR1","5.0","5","97.94","0.0","Men's Shoes","False","0"
"B0BWJS5FBB","1:72 Scale Fighter Planes Model,Alloy Fighter Planes,Highly Simulation Airplane for Home Decoration","https://m.media-amazon.com/images/I/61Ktyz0-frL._AC_UL320_.jpg","https://www.amazon.ca/dp/B0BWJS5FBB","0.0","0","42.82","0.0","Hobbies","False","0"
"B07Y17KDJ6","Fisher-Price Little People Collector the Office Figure Set, 4 character figures from the American TV show in a giftable package for fans ages 1-101 years","https://m.media-amazon.com/images/I/71+2WNroy1L._AC_UL320_.jpg","https://www.amazon.ca/dp/B07Y17KDJ6","4.9","9581","32.03","34.99","Toys  Games","False","50"
"B0CB56X1PJ","Rimless Sunglasses Heart Glasses Heart Sunglasses Frameless Eyewear for Women Party Favor","https://m.media-amazon.com/images/I/71SMv05V4xL._AC_UL320_.jpg","https://www.amazon.ca/dp/B0CB56X1PJ","4.8","6","29.99","0.0","Women","False","0"
"B0C4BDSMH6","Cabilock 50 Pcs Poultry Hair Removal Stick Plucker for Drill Plucker Replacement Parts Chicken Plucker Picker Hair Pulling Rod Plucker Machine Attachment Chicken Plucking Fingers Rubber","https://m.media-amazon.com/images/I/51vo3chZhML._AC_UL320_.jpg","https://www.amazon.ca/dp/B0C4BDSMH6","0.0","0","0.0","0.0","Fresh Flowers  Indoor Plants","False","0"
"B0C6THLMMG","FURLOU Mirror Bath Mirror Cosmetic Mirror 1X/3X Magnification Suction Cup Adjustable Makeup Mirror Double-Sided Bathroom Mirror Mirror","https://m.media-amazon.com/images/I/41rk34749wL._AC_UL320_.jpg","https://www.amazon.ca/dp/B0C6THLMMG","0.0","0","101.43","0.0","Salon  Spa Equipment","False","0"
"B08DCR1BH1","GIMDUMASA Gym Shorts for Women High Waisted Biker Shorts with Pockets Yoga Workout Shorts for Running Bicycle Cycling Sport","https://m.media-amazon.com/images/I/51AE1pR6wJL._AC_UL320_.jpg","https://www.amazon.ca/dp/B08DCR1BH1","4.5","823","19.99","20.99","Sports  Outdoors","False","50"
"B0BG44LVFZ","SILATU Car Dent Puller - Orange Suction Cup Dent Puller, Car Dent Repair Puller for Moving Car, Glass, Marble, Tiles, Screen, 2PCS","https://m.media-amazon.com/images/I/61ubE4K5xZL._AC_UL320_.jpg","https://www.amazon.ca/dp/B0BG44LVFZ","2.9","11","9.99","0.0","Automotive Tools  Equipment","False","0"
"B0BW18ZM7P","Barber Pole Barber Pole Light 29‘’ The Opening Sign of The Salon, Rotating Red, White and Blue LED Light Bar, IP54 Waterproof and Energy-Saving(Color:Blue and White)","https://m.media-amazon.com/images/I/51aCWfn0O9L._AC_UL320_.jpg","https://www.amazon.ca/dp/B0BW18ZM7P","0.0","0","276.64","0.0","Salon  Spa Equipment","False","0"
"B0149FOTAI","DONALDSON P567087 Specifications: 7-inch Nominal Length, Outside Diameter: 1.78, Inside Diameter: 1.01, Micron Rating: 10, Pleated Microglass Media, Collapse Pressure: 435 psi.","https://m.media-amazon.com/images/I/41Zv+Sk9cdL._AC_UL320_.jpg","https://www.amazon.ca/dp/B0149FOTAI","0.0","0","86.99","0.0","Filtration","False","0"
"B0CGPM56NB","BESPORTBLE 75 Pcs Swing Tail Bait Fishing Equipment Crappie jigs Fake Bait Fishing baits bass Fishing Lures bass Bait Portable Swim Bait Fishing Tool Fake Fish baits Artificial brine PVC","https://m.media-amazon.com/images/I/61hmtP-eOxL._AC_UL320_.jpg","https://www.amazon.ca/dp/B0CGPM56NB","0.0","0","0.0","0.0","Pest Control","False","0"
"B08B3PCSZG","Lumo-X Flexible Aluminum Air Duct 6 Inch Port X 8FT Length for Dryer Vent Hose Ventilation, Inline Duct Fan Air Pipe, Grow Tent (Incl. 2 Clamps)","https://m.media-amazon.com/images/I/914BNHZJgGL._AC_UL320_.jpg","https://www.amazon.ca/dp/B08B3PCSZG","4.4","520","17.99","19.99","Building Supplies","False","0"
"B0C3W847L8","PORSVIK Outdoor Pickleball Balls,40 Holes Two-Colored Pickleballs,Designed for Training Spin,Meet USAPA Standard,Double Tone","https://m.media-amazon.com/images/I/61YygSTtf2L._AC_UL320_.jpg","https://www.amazon.ca/dp/B0C3W847L8","4.4","33","53.45","0.0","Leisure Sports  Game Room","False","0"
"B09TNBGFJN","PUREBURG 2-Pack Replacement HEPA Filter Kit (2+4) Compatible with Oreck Type B2 / AK46001 Fits Air Response Medium WK16001","https://m.media-amazon.com/images/I/61AX-civ8qL._AC_UL320_.jpg","https://www.amazon.ca/dp/B09TNBGFJN","4.6","7","63.02","0.0","Building Supplies","False","0"
"B01AGQ1FG0","D&D PowerDrive M47765 John Deere Kevlar Replacement Belt, 84"" Length, 0.5"" Width","https://m.media-amazon.com/images/I/51shpgEglUL._AC_UL320_.jpg","https://www.amazon.ca/dp/B01AGQ1FG0","0.0","0","34.45","0.0","Power Transmission Products","False","0"
"B07DP62GYB","Calf Brace for Torn Calf Muscle and Shin Splint Relief - Calf Compression Sleeve for Lower Leg Injury, Strain, Tear - Neoprene Runners Splints Wrap for Men and Women","https://m.media-amazon.com/images/I/61kxx44GjHL._AC_UL320_.jpg","https://www.amazon.ca/dp/B07DP62GYB","4.4","670","29.99","0.0","Medical Supplies  Equipment","False","0"
"B09Z6N4LD3","Halo Black Onyx Skull Engagement Ring Band Set Anchor Skull Band Couple Set Gun Metal Finish 925 Silver","https://m.media-amazon.com/images/I/510lCX0DVgL._AC_UL320_.jpg","https://www.amazon.ca/dp/B09Z6N4LD3","0.0","0","519.99","0.0","Handmade Jewellery","False","0"
"B00NBILDQ8","NAKED nutrition Casein - 100% Micellar Casein Protein From Us Farms - 5lb Bulk, 2.27 ounces","https://m.media-amazon.com/images/I/81tBY-0i3TL._AC_UL320_.jpg","https://www.amazon.ca/dp/B00NBILDQ8","4.4","1829","139.99","0.0","Medical Supplies  Equipment","False","50"
"B09R7YYBCL","Command Adjustables Spring Clips 17889Q-ES, 8 Clips,12 Strips, White","https://m.media-amazon.com/images/I/71MRV1v0NEL._AC_UL320_.jpg","https://www.amazon.ca/dp/B09R7YYBCL","4.3","5332","16.28","0.0","Nails, Screws  Fasteners","False","0"
"B0B1Q4KSS1","Ruilogod Bright Green Plastic Long Handle Little Hole Square Shaped Mosquito Fly Swatter","https://m.media-amazon.com/images/I/61+P0TjcYIL._AC_UL320_.jpg","https://www.amazon.ca/dp/B0B1Q4KSS1","0.0","0","7.98","0.0","Indoor Insect  Pest Control","False","0"
"B0BX3TJY63","Drag Chain, Cable Chain, Cable Drag Chain Low Noise Series Nylon Wire Carrier Detachable Assembly 0.7 Meter(D30*25)","https://m.media-amazon.com/images/I/71TF0CCwVlL._AC_UL320_.jpg","https://www.amazon.ca/dp/B0BX3TJY63","0.0","0","0.0","0.0","Tarps  Tie-Downs","False","0"
"B0C5D8PSQQ","Chrome Cabin Hook Door Latch, Door Hook 8inch Long Cabin Hooks Latch Door Gate Swivel Window Hook with Mounting Screws 2 Pcs","https://m.media-amazon.com/images/I/31gDST8019L._AC_UL320_.jpg","https://www.amazon.ca/dp/B0C5D8PSQQ","0.0","0","41.89","0.0","Gate Hardware","False","0"
"B08R9CS8NQ","ATVATP 192507 Starter Solenoid for Craftman LT2000 YS4500 20HP 917 hus-qvarna 582042801 532192507 Ariens 21546294 Riding Mower Lawn Mower Tractors","https://m.media-amazon.com/images/I/51w5wo-5YnL._AC_UL320_.jpg","https://www.amazon.ca/dp/B08R9CS8NQ","4.5","171","14.65","25.99","Outdoor Power  Lawn Equipment","False","0"
"B0CK7HPHN2","Wipes Dispenser Wipe Holder with Buckle Lid for Baby Adult Refillable Wipe Container with Sealing Design Non Slip Fruit Organizer for Refrigerator (Blue, One Size)","https://m.media-amazon.com/images/I/41TV6Zuz6WL._AC_UL320_.jpg","https://www.amazon.ca/dp/B0CK7HPHN2","0.0","0","7.84","0.0","Baby  Child Care Products","False","0"
"B00BEA3H0A","Scotch-Brite(TM) Surface Conditioning Disc, Hook and Loop Attachment, Aluminum Oxide, 4-1/2 Diameter, Very Fine Grit (Pack of 10)","https://m.media-amazon.com/images/I/41K4s9I6LyL._AC_UL320_.jpg","https://www.amazon.ca/dp/B00BEA3H0A","3.7","21","56.59","0.0","Abrasive  Finishing Products","False","0"
"B09XD8584G","Womens Essentials 3-Stripes Single Jersey Booty Shorts","https://m.media-amazon.com/images/I/61emIY3Q+VL._AC_UL320_.jpg","https://www.amazon.ca/dp/B09XD8584G","0.0","0","45.0","0.0","Sport Specific Clothing","False","0"
"B00NX4NYWG","Adult Elephant Costume, Grey Animal One-Piece, Jungle Safari Jumpsuit","https://m.media-amazon.com/images/I/712Ho+d8LLL._AC_UL320_.jpg","https://www.amazon.ca/dp/B00NX4NYWG","4.1","48","76.75","0.0","Novelty  Special Use Clothing","False","0"
"B0C5K1RB36","Angoily 3pcs Elastic Hook Rope Motorcycle Trunk Bike Trunk Belt Tensioner Elastic Bungee Cords Elastic Luggage Straps Bike Rack Bungee Bike Tensioner Belt Sturdy Fastening Belt Elasticity","https://m.media-amazon.com/images/I/61l-XfOoRGL._AC_UL320_.jpg","https://www.amazon.ca/dp/B0C5K1RB36","0.0","0","0.0","0.0","Tarps  Tie-Downs","False","0"
"B08WHPXYMB","Ziploc Food Storage Meal Prep Containers Reusable for Kitchen Organization, Smart Snap Technology, Dishwasher Safe, Lunch Pack, 8 Count","https://m.media-amazon.com/images/I/81fWePq0eQL._AC_UY218_.jpg","https://www.amazon.ca/dp/B08WHPXYMB","4.6","281","22.28","0.0","Kitchen Storage  Organization","False","0"
"B0BXSTSRN9","1-5Pcs Keychain Outdoor Directional Compass Plastic Compass Multifunctional Portable Compass for Outdoor Camping Hiking","https://m.media-amazon.com/images/I/417XzA7iMkL._AC_UL320_.jpg","https://www.amazon.ca/dp/B0BXSTSRN9","0.0","0","0.85","0.0","Electronics  Gadgets","False","0"
"B0CFVZJT91","22 Inch Double Rod Towel Holder,Antique Brass Bathroom Towel Rack Accessories,Wall Mounted Towel Hand Hanger for Bathroom Kitchen","https://m.media-amazon.com/images/I/513CJXLqZYL._AC_UL320_.jpg","https://www.amazon.ca/dp/B0CFVZJT91","0.0","0","139.99","0.0","Hardware Hooks","False","0"
"B06Y47V8GP","Giggle Golf Bling Winner Winner Golf Ball Marker with A Chicken Hat Clip","https://m.media-amazon.com/images/I/51LsgFC2NZL._AC_UL320_.jpg","https://www.amazon.ca/dp/B06Y47V8GP","0.0","0","44.49","0.0","Golf Equipment","False","0"
"B0BYK4DQ5S","Apple Lightning to SD & TF Card USB Camera Adapter for iPhone/iPad, 3 in 1 Card Reader USB Dongle for USB Flash Drive, Keyboard, Mouse, Hubs, MIDI, Micro SD TF Memory Card, Plug & Play","https://m.media-amazon.com/images/I/511n-XFBtTL._AC_UL320_.jpg","https://www.amazon.ca/dp/B0BYK4DQ5S","4.1","2125","20.12","0.0","Memory Card Accessories","False","0"
"B09VYTKB3Q","Criditpid Grill Replacement Parts for Nexgrill 720-0925S, 720-0864, 720-0864M Models. Grill Heat Plates, Burner Tubes and Grill Ignitors for BBQ PRO 3 Burner Grill 122.20148511.","https://m.media-amazon.com/images/I/713fzC68ZBL._AC_UL320_.jpg","https://www.amazon.ca/dp/B09VYTKB3Q","4.2","25","55.65","0.0","Outdoor Cooking","False","0"
"B0BSMRZ29B","T3 Polish & Shine Premium Vegan Boar and Nylon Oval Hairbrush with Dual Bristle Design for Smoothing and Detangling","https://m.media-amazon.com/images/I/71x53wIxnSL._AC_UL320_.jpg","https://www.amazon.ca/dp/B0BSMRZ29B","0.0","0","50.0","53.62","Luxury Beauty","False","0"
"B08N66RDNZ","19.5V 3.34A 65W AC Power Adapter Charger for Dell Inspiron 15 3000 5000 5100 7000 11 3000 3147 Series 3583 5555 5558 5559 5578 5758 5755 Laptop","https://m.media-amazon.com/images/I/61AtEZ9JXyL._AC_UL320_.jpg","https://www.amazon.ca/dp/B08N66RDNZ","4.4","24","25.99","0.0","Laptop  Netbook Computer Accessories","False","0"
"B0795DH184","Fish Crisp, Seasoned Coating Mix, Roasted Garlic & Butter, 340g","https://m.media-amazon.com/images/I/71ue7guZg8L._AC_UL320_.jpg","https://www.amazon.ca/dp/B0795DH184","4.5","92","5.49","0.0","Grocery","False","0"
"B0B83SPF9S","Women's Accessories Pu Across Body Bag Onyx Venecia 2.0 1001 RAW, White","https://m.media-amazon.com/images/I/61mG2oxKWkL._AC_UL320_.jpg","https://www.amazon.ca/dp/B0B83SPF9S","4.3","15","0.0","0.0","Women's Handbags","False","0"
"B0B33JD99J","Shanrya Garage Door Opener, 433.92MHZ Universal Garage Door Remote Control for Car Motorcycle Alarms Electric Gates (ShanryaR0frT)","https://m.media-amazon.com/images/I/51o-11426cL._AC_UL320_.jpg","https://www.amazon.ca/dp/B0B33JD99J","1.0","4","10.32","0.0","Garage Door Hardware","False","0"
"B07JMHMRYT","4 oz - Peppermint Essential Oil - Therapeutic Grade Peppermint Oil - 4 Ounce Bottle","https://m.media-amazon.com/images/I/61RAEm4O+dL._AC_UL320_.jpg","https://www.amazon.ca/dp/B07JMHMRYT","4.4","22","30.0","0.0","Perfume  Cologne","False","0"
"B0B213VD44","Commercial Humidifier, 360 Degree Freely Rotating Universal Casters, 1500ml/h Heavy Fog, Industrial Humidifier","https://m.media-amazon.com/images/I/31utREYpEzL._AC_UL320_.jpg","https://www.amazon.ca/dp/B0B213VD44","0.0","0","957.69","0.0","Indoor Insect  Pest Control","False","0"
"B0C72ZFT5J","TEHAUX 1 Set Sensor Window Alarms Window Sensor Magnetic Reed Switch Door Window Reed Switch Rolling Gate Switch Sensor Wired Switch Alarms Roller Shutter Alarm Sensors Zinc Alloy Wired","https://m.media-amazon.com/images/I/51azaixeRyL._AC_UL320_.jpg","https://www.amazon.ca/dp/B0C72ZFT5J","0.0","0","21.4","0.0","Garage Door Hardware","False","0"
"B01MG1XY2O","Melt and Pour Soap Base Aloe Vera SLS & SLES Free 2lb","https://m.media-amazon.com/images/I/41WoXZwOHML._AC_UL320_.jpg","https://www.amazon.ca/dp/B01MG1XY2O","0.0","0","35.0","0.0","Bath  Body","False","0"
"B07TJ46NL1","(Newest Model) Dell Optiplex 7060 Micro Factor Desktop Computer Intel Core i5-8600T 16GB DDR4 256 GB SSD Windows 10 Pro (Renewed)","https://m.media-amazon.com/images/I/71a5QZVM5IL._AC_UL320_.jpg","https://www.amazon.ca/dp/B07TJ46NL1","3.7","17","359.99","0.0","Desktop Computers","False","0"
"B0C6FQXRNW","Token Holder - Protect and Store Game Tokens - Durable Storage Box for Tokens, Dice, Cards and Other Game Accessories - Compatible with Board Games, LCG and TCGs - Clear Color - Made by Gamegenic","https://m.media-amazon.com/images/I/31F0T4Y+6YL._AC_UL320_.jpg","https://www.amazon.ca/dp/B0C6FQXRNW","5.0","1","8.36","0.0","Games  Accessories","False","0"
"B0C1W7DJ5M","Mens Retro Rad Dad Shirt Men Father's Day Vintage Tshirt Matching Mug, Tea Mug, Tea Cup, Coffee Cup","https://m.media-amazon.com/images/I/7162ojNBTVL._AC_UL320_.jpg","https://www.amazon.ca/dp/B0C1W7DJ5M","0.0","0","19.99","0.0","Handmade Kitchen  Dining","False","0"
"B08FXSSGX7","Face Cradle Covers Essentials","https://m.media-amazon.com/images/I/71HHDS+78xL._AC_UL320_.jpg","https://www.amazon.ca/dp/B08FXSSGX7","4.6","19","17.77","0.0","Wellness","False","0"
"B09FQF8X25","Aimerla Foldable Garden Kneeler Seat Heavy Duty {Soft Thick Kneeling Pad} Durable Garden Stool - 2 large Capacity Garden Tool Bags with Pockets - Portable Garden Bench for Indoor and Outdoor Gardening","https://m.media-amazon.com/images/I/81+z0UH42aL._AC_UL320_.jpg","https://www.amazon.ca/dp/B09FQF8X25","4.7","606","69.99","0.0","Garden Structures  Germination Equipment","False","0"
"B09TJ5GMG9","Niechase 5300622034 Dryer Heating Element Restring Coil Replacement Part 5300622034 AH451032 AP2135128 EA451032 PS451032 131553900 131505700","https://m.media-amazon.com/images/I/61qO2ZgLRBL._AC_UY218_.jpg","https://www.amazon.ca/dp/B09TJ5GMG9","4.3","18","22.99","0.0","Large Appliances","False","0"
"B09289CSMN","ORICO USB 3.0 Clamp Hub, Aluminum 4-Port USB Hub 3.0 with Extra Power Supply Port and 4.92 FT USB Data Cable, Desktop Powered USB Hub for iMac/Laptop/PC (Black)","https://m.media-amazon.com/images/I/61wRaJdxqML._AC_UL320_.jpg","https://www.amazon.ca/dp/B09289CSMN","4.6","405","26.5","0.0","USB Hubs","False","0"
"0486807037","Creative Cats Stickers","https://m.media-amazon.com/images/I/719aHyOJIVL._AC_UL320_.jpg","https://www.amazon.ca/dp/0486807037","4.5","170","2.75","0.0","Arts  Crafts Supplies","False","0"
"B07VQ6CLZR","Glasses Temple End Tips, 6 Pairs Colorful Eyeglass End Tips Anti-Slip Ear Sock Silicone Replacement Tips for Thin Metal Eyeglass Legs","https://m.media-amazon.com/images/I/614JP2Jl8CL._AC_UL320_.jpg","https://www.amazon.ca/dp/B07VQ6CLZR","3.5","63","10.9","0.0","Vision Care Products","False","0"
"B09QPGQLW9","Bat Cufflinks Yellow Gold Finish 925 Silver Bat Accessories Bat Face Wedding Cufflinks","https://m.media-amazon.com/images/I/51OakgsOtGL._AC_UL320_.jpg","https://www.amazon.ca/dp/B09QPGQLW9","0.0","0","259.99","0.0","Handmade Jewellery","False","0"
"B0CGBFZD9N","Youth Launcher Sponge Plastic Toy Barrel Launcher for Home","https://m.media-amazon.com/images/I/51YGOXG6SzL._AC_UL320_.jpg","https://www.amazon.ca/dp/B0CGBFZD9N","0.0","0","29.39","0.0","Toy Foam Blasters  Guns","False","0"
"B07VD3XKRN","Zippo Flame Design (29928)","https://m.media-amazon.com/images/I/51aIhU2rrOL._AC_UL320_.jpg","https://www.amazon.ca/dp/B07VD3XKRN","4.6","32","0.0","0.0","Cigarette Lighters","False","0"
"B092RK2JNX","Balega Unisex-Adults Balega Ultralight No Show Athletic Running Socks for Men and Women (1 Pair)","https://m.media-amazon.com/images/I/A1KWqDNqTrS._AC_UL320_.jpg","https://www.amazon.ca/dp/B092RK2JNX","4.6","96","17.59","21.17","Golf Equipment","False","0"
"B07R7DWSJ5","Suncast 22-Gallon Small Deck Box - Lightweight Resin Outdoor Storage Deck Box and Seat for Patio Cushions, Gardening Tools and Toys - Java Brown","https://m.media-amazon.com/images/I/6130bYC3ePL._AC_UL320_.jpg","https://www.amazon.ca/dp/B07R7DWSJ5","4.7","2026","104.56","0.0","Outdoor Storage  Housing","False","0"
"B073S5V5QR","ECCPP CV Axle Rear Left/Right for 2002 2003 2004 Arctic Cat 400/500/650 4x4","https://m.media-amazon.com/images/I/51FP4IiMolL._AC_UL320_.jpg","https://www.amazon.ca/dp/B073S5V5QR","4.4","26","99.68","0.0","Motorcycle Accessories  Parts","False","0"
"B0CJTM1QQL","CEBUGI Non-Scratch Scrub Sponges 3 Pack Kitchen Sponges for Washing Dishes,Cleaning Supplies for Kitchen Bathroom Household(Cartoon Pumpkin)","https://m.media-amazon.com/images/I/71j4SISFRrL._AC_UL320_.jpg","https://www.amazon.ca/dp/B0CJTM1QQL","0.0","0","16.44","0.0","Dishwashing Supplies","False","0"
"B09PBZDWBT","Unisex's 3-Pack Nature Shoe Charms | Jibbitz, White, One Size","https://m.media-amazon.com/images/I/51rZtB6HzjL._AC_UL320_.jpg","https://www.amazon.ca/dp/B09PBZDWBT","4.4","30","11.84","0.0","Shoe, Jewelry  Watch Accessories","False","0"
"B083FTPCTC","Baoer Mighty Sight LED Presbyopia Light Glasses Magnifier LED Night Vision Luminous Glasses Portable Glasses Lenses with Illumination White","https://m.media-amazon.com/images/I/41sGk9VcAEL._AC_UL320_.jpg","https://www.amazon.ca/dp/B083FTPCTC","3.5","10","31.48","0.0","Vision Care Products","False","0"
"B0B58M39PW","INOOMP Tote Bag Accessories 4Pcs Shoe Deodorizer Bags Charcoal Shoe Bags Nature Fresh Charcoal Bags Odor Absorber Bag Air Purifying Bags Home Closet Accessory Travel Makeup Bags","https://m.media-amazon.com/images/I/71td6A5lorL._AC_UL320_.jpg","https://www.amazon.ca/dp/B0B58M39PW","0.0","0","21.35","0.0","Air Freshener Supplies","False","0"
"B0CJQXCWBF","Vacuum Cleaner Main Brush Brushroll,for DC65 UP13 UP14 UP16 DC66 DC77 Vacuum Cleaner Parts Accessories","https://m.media-amazon.com/images/I/41FN-a869yL._AC_UY218_.jpg","https://www.amazon.ca/dp/B0CJQXCWBF","0.0","0","45.19","0.0","Vacuums  Floor Care","False","0"
"B09R3NYLXW","Tiny Purple PAPER Flowers with White Pearl Beads Bracelet","https://m.media-amazon.com/images/I/61GiVqmRUTL._AC_UL320_.jpg","https://www.amazon.ca/dp/B09R3NYLXW","0.0","0","26.99","0.0","Handmade Jewellery","False","0"
"B00AFCHEJ8","Duraflo 643032-00 Foundation Vent, White","https://m.media-amazon.com/images/I/51s5gqwJieL._AC_UL320_.jpg","https://www.amazon.ca/dp/B00AFCHEJ8","4.1","14","0.0","0.0","Building Materials","False","0"
"B001E6C08E","STAEDTLER Pencil Sharpener, Premium Quality Sharpener with Screw-on lid, Prevents Accidental Openings, Compact Size for Pencil case and Work-Station, 511 63BK (Pack of 1), Assorted Colors.","https://m.media-amazon.com/images/I/61U2j1sI8xL._AC_UL320_.jpg","https://www.amazon.ca/dp/B001E6C08E","4.5","32866","9.25","10.79","Office Products","False","100"
"B0B4NS369L","DONGKE Case for 2022/2021/2020/2018 iPad Pro 11 inch Gen 4/3/2/1 - Slim Protective Case - Built in Pencil Holder Support Charging - Trifold Stand & Sleep/Wake Cover - Sun & Moon","https://m.media-amazon.com/images/I/71QQ9B6ve1L._AC_UL320_.jpg","https://www.amazon.ca/dp/B0B4NS369L","4.7","28","37.96","0.0","Tablet Accessories","False","0"
"B0BS8LVWBZ","3d Round Dino Themed Nursery Baby Name Personalized Sign (12"")","https://m.media-amazon.com/images/I/81r7npjlyZL._AC_UL320_.jpg","https://www.amazon.ca/dp/B0BS8LVWBZ","0.0","0","72.99","0.0","Handmade Baby Products","False","0"
"B06XQM3ZDQ","Zippo Lighter Fluid 12oz Wick and Flints Set Combo","https://m.media-amazon.com/images/I/4192n4Q0-dL._AC_UL320_.jpg","https://www.amazon.ca/dp/B06XQM3ZDQ","4.6","158","23.48","0.0","Household Supplies","False","50"
"B06X97FR3P","Ravensburger Canadian Winter","https://m.media-amazon.com/images/I/81MinPRb-iL._AC_UL320_.jpg","https://www.amazon.ca/dp/B06X97FR3P","4.6","65","24.97","27.99","Toys  Games","False","50"
"B07WYVR1XN","10 Oz 8-Piece Premium Unbreakable Drinking Glasses Plastic Tumblers Dishwasher Safe BPA Free Small Acrylic Juice Glasses for Kids Plastic Water Glasses (4 Colors)","https://m.media-amazon.com/images/I/71j4saYKGMS._AC_UY218_.jpg","https://www.amazon.ca/dp/B07WYVR1XN","4.8","646","45.99","0.0","Tableware","False","0"
"B09BMS5TZX","Womens Merino Wool Hiking Socks Thermal Warm Winter Boot Crew Cushion Work Gift Socks 5 Pairs","https://m.media-amazon.com/images/I/91lPaLmFhbL._AC_UL320_.jpg","https://www.amazon.ca/dp/B09BMS5TZX","4.6","1575","31.99","0.0","Clothing, Shoes  Jewellery","True","200"
"B09B39W4G4","Elephant Crayons,Crayon,Name Crayons,Toddler Crayons,Kids Personalized Crayons,Kids Crayons,Personalized Crayons,Beeswax Crayons,Toy Crayons (13 Colors, Eclectic)","https://m.media-amazon.com/images/I/71rb2KB7Q8L._AC_UL320_.jpg","https://www.amazon.ca/dp/B09B39W4G4","0.0","0","25.99","0.0","Handmade Stationery  Party Supplies","False","0"
"B0BWJ33H3S","USB Rechargeable Magnetic LED Work Light, Waterproof Emergency Light Camping Lamp for Outdoor, Car Repair","https://m.media-amazon.com/images/I/61rV33OFpHL._AC_UL320_.jpg","https://www.amazon.ca/dp/B0BWJ33H3S","0.0","0","17.12","0.0","Flashlights","False","0"
"B0CH9Y72KT","Colorful Different Fishes with Corals on White Seamless Pattern Metal Lighter Housing, Custom Lighter Casing, Reusable Lighter Box, Lighter Case Cover for Men Women Gift 2.2 x 1.5 x 0.5 inch","https://m.media-amazon.com/images/I/713SKtAk+JL._AC_UL320_.jpg","https://www.amazon.ca/dp/B0CH9Y72KT","0.0","0","19.42","0.0","Cigarette Lighters","False","0"
"B07C694NV6","KOYAH - Organic USA Grown Broccoli Powder (1 Scoop Equivalent to 1/4 Cup Fresh): 30 Scoops, Freeze-dried, Whole-Vegetable Powder","https://m.media-amazon.com/images/I/616yAd8T8xL._AC_UL320_.jpg","https://www.amazon.ca/dp/B07C694NV6","4.4","318","45.99","0.0","Grocery","False","0"
"B07BW4DSGC","Luer Lock Blue Syringe Tip Caps Dispensing Stop Caps 1000 Pieces","https://m.media-amazon.com/images/I/41tTEENL25L._AC_UL320_.jpg","https://www.amazon.ca/dp/B07BW4DSGC","0.0","0","45.0","0.0","Lab  Scientific Products","False","0"
"B0CBS8ZR2R","150PCS Shelf Bracket Screws Pegs Cabinet Laminate Support Holder with Dust Cover Cross Head No Punching Self Tapping Screws for Cupboard Wardrobe","https://m.media-amazon.com/images/I/81TLNiqEFIL._AC_UL320_.jpg","https://www.amazon.ca/dp/B0CBS8ZR2R","0.0","0","21.99","0.0","Shelf Brackets  Supports","False","0"
"B0CHXRN83G","VICASKY 4 pcs Cars Cars Automotive Wheels car Wheel Covers Steering Wheel Cover Light","https://m.media-amazon.com/images/I/71f5fGiEpwL._AC_UL320_.jpg","https://www.amazon.ca/dp/B0CHXRN83G","0.0","0","12.37","0.0","Oils  Fluids","False","0"
"B01BHUQOY2","Rambler Cap | 100% Harris Tweed Newsboy Mens Flat Cap | Vintage Irish 4 Panel Applejack Hat with Quilted Lining","https://m.media-amazon.com/images/I/81f6bBmS9hL._AC_UL320_.jpg","https://www.amazon.ca/dp/B01BHUQOY2","4.8","88","0.0","0.0","Men's Accessories","False","0"
"B073R8T2GT","Hiding Gaff Panties Brief Shaping for Men Crossdressing Transgender Underwear","https://m.media-amazon.com/images/I/51yA6FHmbnL._AC_UL320_.jpg","https://www.amazon.ca/dp/B073R8T2GT","4.0","252","29.99","0.0","Men","False","0"
"B089CBR39B","mens Cushioned With Repreve Hiker Crew Socks 3 Pair","https://m.media-amazon.com/images/I/A1sbEbt1LaL._AC_UL320_.jpg","https://www.amazon.ca/dp/B089CBR39B","4.3","60","28.72","0.0","Men's Clothing","False","0"
"B07RVHP88F","Silicone Wedding Rings for Men Breathable Airflow Inner Grooves - Breathable Edition Rubber Engagement Bands - 8.5mm Wide - 2.5mm Thick","https://m.media-amazon.com/images/I/81h-3cTqRPL._AC_UL320_.jpg","https://www.amazon.ca/dp/B07RVHP88F","4.3","8682","21.99","0.0","Men's Jewelry","False","0"
"B08X1BFM1Y","Ceramic Pomegranates 11cm with candle,God Poseidon,Goddess Athena","https://m.media-amazon.com/images/I/61u8RiBqjHL._AC_UL320_.jpg","https://www.amazon.ca/dp/B08X1BFM1Y","0.0","0","77.51","0.0","Handmade Home Décor","False","0"
"B0CJX9CGPW","Indoor Basketball Hoop for Kids,Home Height Flexible Basketball Stand - Early Education Sports Supplies for Recreation Room, Basement, Game Room, Garage, Playground Aezon","https://m.media-amazon.com/images/I/61Kx2uFCnuL._AC_UL320_.jpg","https://www.amazon.ca/dp/B0CJX9CGPW","0.0","0","24.59","0.0","Toy Sports Equipment","False","0"
"B0CFT495PK","DOUBAO Mini in Wall Amplifier Audio Smart Home Digital Amplifier Music Touch Screen 4 * 25w HiFi Stereo Sound System with Radio (Color : B)","https://m.media-amazon.com/images/I/61jSlVVNPtS._AC_UL320_.jpg","https://www.amazon.ca/dp/B0CFT495PK","0.0","0","726.79","0.0","Audio/Video Receivers  Amplifiers","False","0"
"B0CK2R2Y6B","BCOATH Toys Basketball Toys Desktop Toys Finger Basketball Game Table Basketball Game","https://m.media-amazon.com/images/I/610+L4jQBHL._AC_UL320_.jpg","https://www.amazon.ca/dp/B0CK2R2Y6B","0.0","0","22.59","0.0","Toy Sports Equipment","False","0"
"B09SP136Q3","Cat Flap Door 4 Way Locking Weatherproof Pet Doors for Interior Exterior (X-Large)","https://m.media-amazon.com/images/I/614Y63VorpL._AC_UL320_.jpg","https://www.amazon.ca/dp/B09SP136Q3","4.0","47","35.99","0.0","Cat Supplies","False","0"
"B0CDLHWMTT","NOGRAX LMR195 Cable BNC Male to BNC Male Connector Coaxial Jumper Cable 50ohm 1/2/3m 5m 10m 15m 20m 30m (Color : 5m)","https://m.media-amazon.com/images/I/619DcAR5qTL._AC_UL320_.jpg","https://www.amazon.ca/dp/B0CDLHWMTT","0.0","0","36.71","0.0","Satellite Television Equipment","False","0"
"B0B5DPKNRZ","Feelyou Hippie Graffiti Bed Sheets Set Girls Dance Life Bedding Queen Size Includes 1 Flat Sheet 1 Fitted Sheets & 2 Pillowcases","https://m.media-amazon.com/images/I/71jdeHqohDL._AC_UY218_.jpg","https://www.amazon.ca/dp/B0B5DPKNRZ","4.5","197","57.93","0.0","Bedding","False","0"
"B0C2CBR7GX","Cooking Utensils Set, 22 Pcs Heat Resistant Silicone Kitchen Utensils Spatula Set with Holder, Kitchen Gadgets Utensil Set for Nonstick Cookware (Black)","https://m.media-amazon.com/images/I/71sGmFa4TlL._AC_UY218_.jpg","https://www.amazon.ca/dp/B0C2CBR7GX","4.6","3","26.99","0.0","Kitchen Utensils  Gadgets","False","0"
"B0C8FQ4VQG","Cable Organizer Bags & Cases 4pcs Electronic Organizer Bag Data Line Storage Pouch Travel Electronic Organizer Bag Electronic Organizer Case","https://m.media-amazon.com/images/I/41hgGet-qtL._AC_UL320_.jpg","https://www.amazon.ca/dp/B0C8FQ4VQG","0.0","0","29.77","0.0","Scaffolding Equipment","False","0"
"B09M3K83M1","Study Model Female & Male Anatomy Figure - Human Anatomical Muscle Bone Model - Resin Material Human Musculoskeletal Anatomy Model for Artist Drawing Study SaiFei","https://m.media-amazon.com/images/I/61x66GapIJL._AC_UL320_.jpg","https://www.amazon.ca/dp/B09M3K83M1","0.0","0","462.99","0.0","Science Education Supplies","False","0"
"B0CH7YJ6GP","Hook and Eye Latch，Hook Gate Hook LockLatch Hook Hasp,Horn Lock,12"" Cabin Hook Eye Latch Gate Door Swivel Window Hook Stainless Steel with Mounting Screws 2pcs","https://m.media-amazon.com/images/I/51Ey8vQioaL._AC_UL320_.jpg","https://www.amazon.ca/dp/B0CH7YJ6GP","0.0","0","56.26","0.0","Gate Hardware","False","0"
"B0B48LD7DD","100 Sets Silver Stainless Steel Leather Rivets Double Cap Rivet Tubular Metal Studs Repairs Decoration Craft Accessories for Leather Craft Clothes Shoes Bags Belts (12mm 100sets, Silver)","https://m.media-amazon.com/images/I/515lsn-jX5L._AC_UL320_.jpg","https://www.amazon.ca/dp/B0B48LD7DD","4.2","112","14.99","0.0","Hand Tools","False","0"
"B09JZ6Q5DP","Riley Blake Design Lori Holt My Happy Place Ironing Board Cover","https://m.media-amazon.com/images/I/51zQPKNGjVL._AC_UY218_.jpg","https://www.amazon.ca/dp/B09JZ6Q5DP","3.9","14","30.62","39.77","Irons, Steamers  Accessories","False","0"
"B0C2C14W6R","ARUOHHA DND Resin Dice Set Handmade Blue Leaf D&D Dice Set with Box, 7 Pcs Flower Sharp Edge Polyhedral Dice Dungeons and Dragons Role Playing Game D and D Glitter Inclusions Dice D20 D12 D6","https://m.media-amazon.com/images/I/81xmE73saWL._AC_UL320_.jpg","https://www.amazon.ca/dp/B0C2C14W6R","4.6","37","35.99","0.0","Games  Accessories","False","0"
"B083W6B25T","Disney Princess Style Series Holiday Style Cinderella, Christmas 2020 Fashion Collector Doll with Accessories, Toy for Girls 6 Years and Up","https://m.media-amazon.com/images/I/91KydefhQQL._AC_UL320_.jpg","https://www.amazon.ca/dp/B083W6B25T","4.8","1815","0.0","0.0","Dolls  Accessories","False","0"
"B01EUHM5OW","EWK 6-43mm Battery Terminal and Wiper Arm Puller, Windshield Wiper Arm Removal Tool","https://m.media-amazon.com/images/I/71iDjD2E-kL._AC_UL320_.jpg","https://www.amazon.ca/dp/B01EUHM5OW","4.2","133","22.47","0.0","Automotive Tools  Equipment","False","0"
"B08P6WM7VJ","Atelier Elegance Made In 1936 Cake Topper, 85th Birthday Cake Topper, 85th Anniversary Cake Topper","https://m.media-amazon.com/images/I/61QcPtTs6AL._AC_UL320_.jpg","https://www.amazon.ca/dp/B08P6WM7VJ","0.0","0","16.0","0.0","Handmade in Canada","False","0"
"B000GZ7GH4","Yonka Pamplemousse Ps Protective and Vitalizing Cream, 1.7 Oz, 1.7 ounces","https://m.media-amazon.com/images/I/61sp2PPJ6DL._AC_UL320_.jpg","https://www.amazon.ca/dp/B000GZ7GH4","4.6","209","76.0","92.81","Skin Care Products","False","0"
"B0015KAHHA","Honeywell VR8345M-4302 Universal 24 Vac with Standard Opening, Intermittent/Direct Ignition Gas Valve","https://m.media-amazon.com/images/I/91-aMBvOd1L._AC_UL320_.jpg","https://www.amazon.ca/dp/B0015KAHHA","4.7","210","202.86","218.18","Building Supplies","False","0"
"B0BY9FDHR4","Mini Flashlight, 500LM 4 Lighting Modes 180° Folding Handle Aluminum Alloy Material Magnetic Keychain Flashlight, Magnet Base 500mAh Lithium Battery for Fishing Hiking","https://m.media-amazon.com/images/I/51YFHxooIzL._AC_UL320_.jpg","https://www.amazon.ca/dp/B0BY9FDHR4","0.0","0","0.0","0.0","Flashlights","False","0"
"B0B3RWFSFH","60 pcs Lead Test Kit, Instant Lead paint Test Swabs, Lead Check Test Kit for House Paints, Ceramics, Metal, Wood, Dishes and Other Painted Surface","https://m.media-amazon.com/images/I/71D4t0wGF4L._AC_UL320_.jpg","https://www.amazon.ca/dp/B0B3RWFSFH","4.7","4","23.59","0.0","Test, Measure  Inspect","False","0"
